EST,Max TemperatureC,Mean TemperatureC,Min TemperatureC,Dew PointC,MeanDew PointC,Min DewpointC,Max Humidity, Mean Humidity, Min Humidity, Max Sea Level PressurehPa, Mean Sea Level PressurehPa, Min Sea Level PressurehPa, Max VisibilityKm, Mean VisibilityKm, Min VisibilitykM, Max Wind SpeedKm/h, Mean Wind SpeedKm/h, Max Gust SpeedKm/h,Precipitationmm, CloudCover, Events,WindDirDegrees<br />
2002-1-1,1,-2,-4,-10,-12,-16,62,47,35,1018,1015,1013,16,16,16,35,23,48,0.00,0,,277<br />
2002-1-2,3,-1,-5,-7,-11,-14,64,51,38,1020,1018,1016,16,16,16,32,24,40,0.00,0,,270<br />
2002-1-3,4,1,-2,-8,-8,-10,66,54,38,1017,1013,1010,16,16,16,26,21,39,0.00,1,,285<br />
2002-1-4,1,-2,-4,-8,-13,-19,63,43,22,1016,1013,1009,16,16,16,26,19,,0.00,3,,288<br />
2002-1-5,4,1,-1,-6,-7,-8,61,52,45,1016,1015,1013,16,16,16,24,19,34,0.00,6,,250<br />
2002-1-6,8,4,0,4,-3,-8,89,64,36,1016,1009,993,16,14,4,39,16,52,8.64,8,Rain,189<br />
2002-1-7,5,1,-2,4,0,-4,100,90,81,1003,998,991,16,9,1,35,23,50,8.13,8,Rain-Snow,353<br />
2002-1-8,1,-2,-6,-4,-7,-11,93,72,50,1012,1008,1003,16,11,2,26,21,37,0.00,5,Snow,288<br />
2002-1-9,4,1,-2,0,-3,-7,86,70,57,1009,1004,1000,16,16,14,32,23,40,0.00,6,Rain,229<br />
2002-1-10,10,7,4,1,0,-2,76,63,52,1008,1004,999,16,16,16,34,24,40,0.00,6,,251<br />
2002-1-11,7,4,3,2,1,-2,93,76,58,1008,1004,1000,16,14,6,27,14,42,3.56,6,Rain,255<br />
2002-1-12,5,3,1,-1,-2,-3,89,69,57,1011,1009,1005,16,16,14,26,19,,0.00,5,,229<br />
2002-1-13,4,2,1,3,-1,-8,100,83,50,1006,995,985,16,9,1,53,21,72,20.32,7,Rain-Snow,296<br />
2002-1-14,3,1,0,-3,-8,-9,67,52,41,1020,1016,1005,16,16,16,34,26,60,0.00,4,,255<br />
2002-1-15,4,2,0,3,0,-1,100,92,79,1017,1011,1007,16,7,2,23,16,,6.35,8,Rain-Snow,353<br />
2002-1-16,4,3,1,0,-6,-8,82,57,46,1021,1016,1007,16,16,16,27,21,39,0.00,6,,286<br />
2002-1-17,6,2,-1,1,-3,-7,96,75,52,1020,1014,1009,16,11,1,24,16,45,1.02,6,Fog-Snow,220<br />
2002-1-18,1,0,-2,-7,-8,-12,61,53,38,1021,1015,1013,16,16,14,29,21,40,0.00,2,Snow,270<br />
2002-1-19,-1,-2,-4,-3,-7,-12,100,74,45,1025,1019,1012,16,9,1,27,14,34,3.05,7,Snow,268<br />
2002-1-20,2,-2,-6,-4,-6,-7,100,77,52,1021,1015,1010,16,12,1,19,14,,1.02,5,Fog-Snow,296<br />
2002-1-21,3,0,-3,2,-2,-7,100,85,67,1021,1011,1004,16,11,2,34,11,42,4.83,7,Rain-Snow,215<br />
2002-1-22,7,4,0,-3,-4,-6,73,58,40,1027,1019,1007,16,16,16,34,23,42,0.00,1,,266<br />
2002-1-23,11,6,0,6,1,-5,87,71,46,1026,1017,1011,16,16,16,53,24,69,0.00,4,,222<br />
2002-1-24,9,7,5,8,6,2,100,89,81,1011,1004,999,16,11,3,32,16,37,1.52,7,Rain,241<br />
2002-1-25,6,4,2,2,-3,-7,87,62,40,1018,1011,1005,16,16,16,37,19,50,0.00,3,,298<br />
2002-1-26,10,6,2,-4,-6,-7,57,44,33,1021,1017,1015,16,16,16,35,26,45,0.00,5,,239<br />
2002-1-27,12,7,1,3,-1,-6,100,68,30,1022,1020,1017,16,13,0,13,6,,0.00,4,Fog,99<br />
2002-1-28,11,6,2,3,2,0,100,82,52,1019,1016,1013,16,8,1,19,5,,0.00,8,,186<br />
2002-1-29,18,11,5,2,0,-1,79,49,28,1015,1013,1010,16,16,14,27,11,37,0.00,7,,222<br />
2002-1-30,7,4,2,5,1,-4,100,86,60,1028,1020,1014,16,10,3,23,14,,3.56,8,Rain,13<br />
2002-1-31,1,0,-1,0,-2,-6,100,86,60,1033,1029,1025,16,6,0,32,21,29,6.60,8,Fog-Rain-Snow,70<br />
2002-2-1,4,1,-1,3,-1,-4,100,87,57,1025,1013,1001,16,7,1,37,19,55,8.38,7,Rain-Snow,92<br />
2002-2-2,2,-1,-4,-7,-12,-15,59,49,38,1027,1021,1008,16,16,16,42,27,55,0.00,1,,292<br />
2002-2-3,3,-2,-6,-3,-8,-14,82,61,46,1027,1021,1011,16,16,16,34,13,39,0.00,3,,199<br />
2002-2-4,3,0,-3,-3,-5,-10,82,65,52,1011,1007,1004,16,16,16,32,11,,0.00,4,,345<br />
2002-2-5,-2,-4,-7,-11,-14,-17,57,45,30,1018,1015,1012,16,16,16,37,27,50,0.00,3,,292<br />
2002-2-6,3,-1,-5,-6,-10,-13,69,52,35,1021,1020,1017,16,16,16,27,14,32,0.00,3,,277<br />
2002-2-7,6,2,-2,-1,-3,-7,89,72,51,1019,1012,1006,16,15,10,19,10,,0.00,4,,210<br />
2002-2-8,8,4,1,-3,-5,-8,70,51,34,1020,1012,1006,16,16,16,29,19,37,0.00,3,,285<br />
2002-2-9,3,0,-2,-6,-12,-18,64,42,27,1038,1032,1021,16,16,14,26,14,,0.00,1,,348<br />
2002-2-10,12,4,-4,11,-1,-9,100,77,54,1037,1026,1004,16,15,10,45,13,60,2.29,6,Rain,179<br />
2002-2-11,12,1,-9,11,-1,-19,100,79,45,1022,1005,998,16,11,0,47,29,58,11.68,6,Fog-Rain-Snow,308<br />
2002-2-12,5,-2,-10,-3,-10,-21,63,52,41,1022,1013,1007,16,16,16,42,19,55,0.00,5,,223<br />
2002-2-13,3,-2,-6,-5,-13,-21,61,41,22,1026,1016,1007,16,16,14,42,24,55,0.00,1,Snow,281<br />
2002-2-14,2,-3,-8,-8,-13,-17,57,45,34,1030,1027,1025,16,16,16,29,19,42,0.00,1,,246<br />
2002-2-15,8,3,-1,3,-4,-8,82,58,37,1025,1020,1014,16,16,16,40,26,55,0.00,6,,219<br />
2002-2-16,12,8,3,4,1,-4,97,66,38,1014,1009,1005,16,16,14,21,13,,0.00,5,,234<br />
2002-2-17,5,3,1,3,1,-3,93,85,62,1010,1006,1004,16,11,6,35,11,52,1.52,8,Rain-Snow,355<br />
2002-2-18,4,1,-1,-2,-9,-13,76,48,31,1024,1020,1011,16,16,14,42,31,52,0.00,2,Snow,4<br />
2002-2-19,11,4,-2,-5,-12,-14,54,34,18,1025,1023,1021,16,16,16,16,11,,0.00,2,,284<br />
2002-2-20,9,6,2,5,-1,-8,80,64,40,1023,1020,1013,16,16,16,21,8,,0.00,7,,154<br />
2002-2-21,12,9,6,11,9,6,100,96,83,1012,1007,1005,16,6,0,24,14,29,8.13,8,Fog-Rain,169<br />
2002-2-22,9,6,3,4,0,-4,76,63,52,1014,1010,1007,16,16,16,35,23,42,0.25,4,,264<br />
2002-2-23,6,3,1,-2,-4,-9,76,61,40,1021,1017,1014,16,16,16,26,16,27,0.00,3,,303<br />
2002-2-24,3,0,-2,-3,-4,-9,82,67,52,1027,1025,1022,16,16,16,21,14,,0.00,2,,78<br />
2002-2-25,9,4,-1,3,-1,-6,92,73,39,1026,1022,1017,16,16,16,29,16,,0.00,5,,198<br />
2002-2-26,16,10,4,10,4,1,93,74,36,1017,1011,1004,16,16,13,39,18,45,0.00,3,Rain,192<br />
2002-2-27,13,7,-1,12,3,-7,100,86,64,1003,998,994,16,10,2,39,21,52,13.72,8,Rain-Snow,268<br />
2002-2-28,2,-1,-3,-7,-11,-13,69,47,31,1023,1011,999,16,16,16,45,29,60,0.00,1,,270<br />
2002-3-1,6,2,-3,-7,-9,-11,63,44,31,1035,1028,1024,16,16,16,29,14,42,0.00,1,,240<br />
2002-3-2,8,3,-1,2,-2,-6,89,67,51,1039,1035,1026,16,16,14,27,11,39,0.25,5,Rain,150<br />
2002-3-3,16,10,4,13,8,-2,100,87,50,1025,1007,999,16,11,2,47,23,58,13.72,8,Rain,187<br />
2002-3-4,6,1,-4,-4,-12,-18,51,39,27,1019,1010,1004,16,16,16,35,29,47,0.00,5,,285<br />
2002-3-5,0,-3,-6,-13,-16,-17,48,38,29,1027,1024,1020,16,16,16,26,21,35,0.00,2,,268<br />
2002-3-6,11,4,-2,2,-4,-13,89,61,36,1026,1023,1020,16,15,5,24,16,35,0.00,5,Snow,228<br />
2002-3-7,8,4,1,3,1,-2,93,79,54,1031,1026,1022,16,15,11,26,11,,0.00,5,,56<br />
2002-3-8,6,4,2,4,3,1,100,89,81,1036,1034,1031,16,10,1,24,11,,0.00,7,Fog,84<br />
2002-3-9,18,11,4,13,7,4,100,91,56,1034,1028,1016,16,8,0,32,8,45,0.25,6,Fog-Rain,152<br />
2002-3-10,16,7,-2,13,-1,-16,94,60,31,1018,1010,1005,16,15,5,48,37,69,7.62,5,Rain-Snow,262<br />
2002-3-11,4,1,-3,-9,-13,-14,49,38,26,1027,1024,1019,16,16,16,35,24,48,0.00,3,,259<br />
2002-3-12,8,4,1,2,-2,-10,89,64,46,1026,1024,1021,16,16,11,29,14,40,0.00,6,,226<br />
2002-3-13,6,3,1,5,3,-1,100,92,76,1023,1015,1008,14,5,0,16,8,,2.29,7,Fog-Rain,22<br />
2002-3-14,17,11,5,5,1,-7,93,61,23,1020,1013,1007,16,13,3,23,13,32,0.00,3,,314<br />
2002-3-15,9,7,4,7,4,-1,100,85,68,1022,1017,1012,16,10,1,29,11,,0.00,7,Fog,48<br />
2002-3-16,8,4,-1,6,3,-7,100,87,57,1028,1014,1010,16,7,0,29,10,34,15.49,7,Fog-Rain,15<br />
2002-3-17,3,0,-3,-4,-7,-8,71,58,46,1034,1033,1030,16,16,16,16,13,,0.00,5,,80<br />
2002-3-18,2,1,0,2,-1,-4,100,88,62,1033,1029,1025,16,7,1,32,16,42,1.78,8,Fog-Rain-Snow,112<br />
2002-3-19,3,2,1,1,1,-1,100,89,79,1032,1028,1025,16,14,5,23,13,,1.78,8,Rain-Snow,78<br />
2002-3-20,4,2,1,4,1,-2,100,88,63,1032,1020,1007,16,8,1,37,19,48,11.43,8,Rain-Snow,115<br />
2002-3-21,9,5,1,2,0,-3,89,72,55,1013,1008,1002,16,16,16,40,26,53,0.00,4,Rain,273<br />
2002-3-22,1,-3,-7,-7,-15,-19,64,42,29,1015,1010,1003,16,16,10,47,37,66,0.00,3,Snow,285<br />
2002-3-23,6,1,-4,-4,-10,-14,60,46,33,1016,1013,1009,16,16,16,42,29,53,0.00,2,,235<br />
2002-3-24,9,6,2,-4,-7,-9,57,43,31,1020,1017,1013,16,16,16,39,23,52,0.00,5,,290<br />
2002-3-25,6,2,-1,-1,-5,-10,100,62,34,1032,1027,1021,16,14,2,27,18,,0.00,8,Snow,49<br />
2002-3-26,6,4,3,6,1,-7,100,81,48,1033,1026,1012,16,8,1,40,21,47,12.70,8,Rain,81<br />
2002-3-27,9,7,4,7,3,-3,100,87,60,1015,1012,1010,16,10,1,27,10,37,9.65,8,Rain,306<br />
2002-3-28,12,7,2,-3,-4,-5,62,48,31,1019,1016,1015,16,16,16,29,21,37,0.00,2,,302<br />
2002-3-29,14,8,3,3,0,-3,79,60,35,1022,1020,1017,16,16,16,27,13,,0.00,5,,183<br />
2002-3-30,17,12,7,13,7,-3,94,73,32,1018,1013,1010,16,13,5,39,18,52,3.81,7,Rain,208<br />
2002-3-31,13,10,7,7,3,-1,96,66,47,1020,1017,1012,16,15,6,19,6,,3.81,8,Rain,89<br />
2002-4-1,13,9,6,7,4,-4,100,80,45,1012,1006,1002,16,10,2,52,24,71,23.88,6,Rain,336<br />
2002-4-2,14,9,4,3,-2,-4,79,50,30,1019,1016,1013,16,16,16,35,24,47,0.00,3,,234<br />
2002-4-3,19,11,4,13,8,2,93,80,66,1015,1011,1005,16,15,8,40,24,53,4.06,7,Rain,241<br />
2002-4-4,9,6,3,0,-4,-7,76,51,36,1024,1020,1016,16,16,16,29,19,37,0.00,1,,297<br />
2002-4-5,6,3,0,0,-4,-9,93,67,48,1024,1021,1017,16,12,1,26,14,,0.76,5,Fog-Snow,342<br />
2002-4-6,7,4,-1,-1,-8,-16,89,48,20,1025,1019,1017,16,16,16,26,18,37,0.25,4,,326<br />
2002-4-7,8,3,-2,-5,-11,-14,51,38,20,1029,1028,1026,16,16,16,24,18,29,0.00,2,,257<br />
2002-4-8,13,8,4,0,-1,-5,70,52,39,1029,1028,1026,16,16,16,29,23,42,0.00,8,Rain,211<br />
2002-4-9,22,16,9,12,8,-1,89,68,47,1026,1021,1017,16,16,16,45,24,55,0.00,7,Rain,201<br />
2002-4-10,18,13,9,13,5,-1,90,60,29,1034,1025,1017,16,15,10,29,21,40,2.54,3,Rain,292<br />
2002-4-11,10,7,6,3,2,-1,85,68,50,1041,1038,1035,16,16,16,27,16,,0.00,2,,81<br />
2002-4-12,18,11,4,9,7,3,96,76,52,1038,1033,1027,16,16,16,35,13,42,0.00,4,,172<br />
2002-4-13,24,18,13,14,13,10,94,73,49,1027,1022,1019,16,16,13,35,24,48,0.00,6,,219<br />
2002-4-14,23,17,10,14,11,6,94,75,32,1020,1017,1015,16,16,14,34,23,45,0.25,7,Rain,224<br />
2002-4-15,14,10,7,13,9,7,100,95,88,1018,1015,1013,16,3,0,24,16,,2.29,6,Fog-Rain,101<br />
2002-4-16,23,14,7,15,9,7,100,89,61,1019,1017,1015,16,6,0,21,5,,0.00,4,Fog,108<br />
2002-4-17,34,23,13,14,12,9,86,53,22,1016,1014,1010,16,15,13,42,16,55,0.00,4,,289<br />
2002-4-18,13,10,8,11,9,8,100,91,84,1021,1018,1016,14,6,0,24,14,,0.00,7,Fog-Rain-Thunderstorm,59<br />
2002-4-19,25,16,7,16,11,7,100,87,47,1020,1013,1007,16,7,0,47,13,55,0.25,7,Fog-Rain-Thunderstorm,127<br />
2002-4-20,21,16,11,14,7,3,77,56,40,1011,1009,1007,16,16,16,21,14,,0.25,4,Rain,303<br />
2002-4-21,13,10,7,0,-7,-12,50,32,19,1017,1014,1011,16,16,16,29,19,42,0.00,6,,328<br />
2002-4-22,7,6,4,3,1,-7,93,77,38,1017,1012,1008,16,12,4,34,24,39,2.29,8,Rain,85<br />
2002-4-23,8,4,1,2,-1,-3,93,71,46,1020,1015,1010,16,15,4,26,16,,0.00,7,Rain-Snow,335<br />
2002-4-24,11,7,4,3,-1,-3,79,58,43,1025,1023,1020,16,16,16,26,16,,0.00,1,,112<br />
2002-4-25,15,8,2,6,2,-3,97,74,33,1025,1019,1014,16,13,5,34,18,42,18.03,5,Rain-Snow-Thunderstorm,161<br />
2002-4-26,10,6,2,2,-2,-5,93,60,39,1025,1017,1013,16,16,16,35,23,50,0.76,3,Rain,289<br />
2002-4-27,16,9,3,6,-4,-8,83,44,21,1028,1026,1023,16,16,16,27,14,37,0.00,2,,285<br />
2002-4-28,9,7,4,7,6,3,100,89,71,1025,1014,1000,16,10,3,39,19,53,9.14,8,Rain,75<br />
2002-4-29,6,3,2,3,1,-1,96,79,67,1007,1003,1000,16,14,5,35,19,50,2.03,8,Rain,343<br />
2002-4-30,11,7,3,5,2,-1,93,72,46,1010,1008,1007,16,16,13,32,13,,0.00,6,Rain,257<br />
2002-5-1,16,11,6,4,1,-2,85,52,34,1014,1010,1007,16,16,16,32,21,47,0.00,2,,267<br />
2002-5-2,13,8,7,8,6,1,98,87,58,1014,1005,998,16,8,1,26,10,,13.21,8,Fog-Rain-Thunderstorm,80<br />
2002-5-3,13,10,7,8,1,-7,100,63,27,1015,1004,999,16,15,8,55,19,84,1.78,4,Rain-Thunderstorm,274<br />
2002-5-4,20,14,8,2,-1,-4,61,39,19,1023,1021,1016,16,16,16,35,23,45,0.00,0,,275<br />
2002-5-5,20,14,9,8,3,0,61,48,34,1025,1023,1022,16,16,16,29,14,40,0.00,3,,179<br />
2002-5-6,25,18,10,9,7,6,80,56,31,1026,1023,1019,16,16,16,37,19,42,0.00,3,,208<br />
2002-5-7,24,18,13,15,11,4,80,64,53,1020,1014,1010,16,16,16,35,21,47,0.00,6,,208<br />
2002-5-8,19,14,11,14,6,1,78,59,44,1025,1021,1013,16,16,16,32,19,29,0.00,5,,85<br />
2002-5-9,13,11,9,12,7,2,96,79,56,1025,1021,1014,16,15,10,24,13,,1.27,8,Rain,102<br />
2002-5-10,24,18,13,12,8,-4,96,64,20,1021,1014,1012,16,14,3,35,16,47,7.37,4,Rain,256<br />
2002-5-11,19,14,10,-1,-3,-4,44,31,20,1028,1026,1022,16,16,16,26,21,39,0.00,2,,295<br />
2002-5-12,14,11,8,9,6,-1,100,76,39,1029,1023,1017,16,11,4,26,14,,9.14,8,Rain,98<br />
2002-5-13,14,8,7,9,7,0,100,94,54,1016,1012,1001,16,5,2,47,26,58,39.88,8,Rain,78<br />
2002-5-14,17,12,7,7,5,2,100,76,38,1000,996,994,16,14,5,37,27,52,7.62,6,Rain,280<br />
2002-5-15,16,11,6,3,1,-3,74,52,36,1015,1007,999,16,16,16,50,29,61,0.00,4,Rain,278<br />
2002-5-16,26,17,9,9,4,-3,60,41,28,1017,1013,1008,16,16,16,40,23,53,0.00,4,,232<br />
2002-5-17,22,19,14,13,9,2,72,54,33,1012,1008,1006,16,16,16,26,21,39,0.00,7,,285<br />
2002-5-18,11,7,3,7,4,2,100,86,74,1013,1008,1006,16,11,3,39,24,47,27.69,7,Rain,13<br />
2002-5-19,15,9,4,4,-1,-4,79,51,29,1021,1017,1013,16,16,16,24,18,34,0.00,2,,300<br />
2002-5-20,14,9,6,3,-2,-6,60,46,29,1022,1020,1019,16,16,16,23,13,26,4.32,4,,338<br />
2002-5-21,17,11,6,2,0,-3,65,46,32,1023,1020,1019,16,16,16,24,16,37,0.00,4,Rain,296<br />
2002-5-22,20,14,9,7,3,-1,66,48,28,1026,1024,1022,16,16,16,27,16,,0.00,0,,255<br />
2002-5-23,25,17,10,9,5,3,68,48,27,1023,1019,1014,16,16,16,26,18,37,0.00,0,,221<br />
2002-5-24,29,20,11,14,9,3,65,47,27,1014,1009,1005,16,16,16,26,19,39,0.00,3,Rain,248<br />
2002-5-25,19,14,10,11,3,-1,80,53,43,1024,1021,1012,16,16,16,35,24,45,0.00,2,,84<br />
2002-5-26,21,16,10,14,9,7,87,72,52,1023,1022,1021,16,16,13,32,18,39,0.00,7,Rain,202<br />
2002-5-27,21,17,14,16,13,11,93,81,54,1023,1022,1020,16,13,8,23,10,,0.00,7,Rain-Thunderstorm,128<br />
2002-5-28,22,17,13,17,14,12,97,90,73,1023,1023,1021,16,6,0,19,11,,0.00,8,Rain-Thunderstorm,107<br />
2002-5-29,20,16,12,18,14,12,100,93,81,1024,1022,1019,16,4,0,21,8,,0.00,7,Fog-Rain-Thunderstorm,70<br />
2002-5-30,28,21,15,17,16,14,100,79,49,1019,1015,1012,16,13,5,27,16,,0.00,7,,203<br />
2002-5-31,28,23,18,18,17,16,94,78,52,1012,1005,1000,16,15,2,40,23,58,3.05,6,Rain-Thunderstorm,212<br />
2002-6-1,30,24,19,16,9,4,84,43,22,1002,1000,997,16,16,16,39,29,58,0.00,2,,254<br />
2002-6-2,24,19,15,13,8,3,77,48,31,1008,1001,997,16,16,6,37,23,52,1.27,5,Rain,291<br />
2002-6-3,22,17,12,4,2,-1,55,39,24,1020,1014,1009,16,16,16,29,18,39,0.00,2,,316<br />
2002-6-4,20,16,11,12,6,3,75,55,39,1025,1022,1020,16,16,16,34,14,,0.00,3,,108<br />
2002-6-5,23,19,16,18,16,10,88,77,67,1021,1014,1010,16,15,13,35,23,42,0.25,7,Rain,205<br />
2002-6-6,22,17,12,19,16,11,100,93,83,1017,1013,1009,16,8,2,35,19,39,24.64,8,Rain-Thunderstorm,57<br />
2002-6-7,14,12,10,12,10,6,100,86,69,1026,1022,1017,16,12,3,34,18,45,17.02,6,Rain,28<br />
2002-6-8,17,13,9,10,7,4,86,67,47,1028,1025,1023,16,16,16,29,13,,0.00,3,,103<br />
2002-6-9,27,19,12,16,12,7,75,62,47,1023,1017,1012,16,16,16,27,19,42,0.00,6,,244<br />
2002-6-10,24,20,16,13,9,6,72,53,37,1020,1017,1015,16,16,16,23,18,,0.00,5,,357<br />
2002-6-11,32,22,13,19,13,10,94,74,45,1018,1012,1007,16,14,2,45,23,47,6.10,6,Rain,230<br />
2002-6-12,13,12,11,11,11,9,94,91,86,1012,1009,1007,16,11,3,34,16,,4.06,8,Rain,26<br />
2002-6-13,17,13,11,13,11,9,96,86,75,1014,1012,1011,16,14,3,24,14,,0.00,7,,72<br />
2002-6-14,16,13,12,13,12,11,100,92,83,1012,1011,1011,16,10,1,26,13,,1.02,7,Rain,121<br />
2002-6-15,13,11,10,12,11,8,97,92,86,1010,1007,1004,16,7,2,39,26,50,18.80,8,Rain,35<br />
2002-6-16,14,12,10,12,11,8,100,89,81,1009,1008,1007,16,12,2,29,13,,5.59,7,Rain-Thunderstorm,36<br />
2002-6-17,25,18,13,14,12,9,100,76,38,1014,1010,1008,16,10,1,35,10,42,5.08,6,Rain-Thunderstorm,227<br />
2002-6-18,25,20,15,14,12,9,87,62,37,1024,1019,1014,16,16,16,19,13,35,0.00,2,,280<br />
2002-6-19,21,18,15,14,13,12,93,76,65,1031,1028,1024,16,16,11,19,8,,0.51,4,Rain,61<br />
2002-6-20,23,18,14,16,14,12,94,76,55,1034,1032,1031,16,12,4,24,8,,0.25,1,,82<br />
2002-6-21,29,22,16,17,14,12,80,62,44,1032,1029,1026,16,16,16,32,16,37,0.00,2,,209<br />
2002-6-22,28,22,17,19,16,14,97,77,54,1027,1026,1024,16,10,3,29,16,,1.02,7,Rain,34<br />
2002-6-23,28,21,16,20,17,15,100,87,66,1026,1022,1014,13,5,0,29,10,,2.03,8,Fog-Rain,99<br />
2002-6-24,30,27,22,19,10,3,74,41,20,1018,1015,1012,16,15,8,32,23,42,0.00,3,Rain,301<br />
2002-6-25,29,23,18,15,9,4,57,44,28,1020,1018,1016,16,16,16,24,14,,0.00,2,,209<br />
2002-6-26,34,27,20,22,18,11,78,59,41,1017,1013,1009,16,10,5,32,19,40,0.00,5,,230<br />
2002-6-27,33,27,22,22,20,19,87,71,44,1009,1006,1003,16,11,1,40,21,74,33.02,7,Rain-Hail-Thunderstorm,257<br />
2002-6-28,29,25,21,21,19,16,93,75,53,1012,1008,1004,16,15,10,29,14,35,0.76,6,Rain,278<br />
2002-6-29,24,20,17,17,16,13,100,72,53,1022,1019,1012,16,14,1,23,16,,0.00,3,Fog,52<br />
2002-6-30,29,23,18,19,18,16,96,76,56,1024,1022,1020,16,14,2,27,13,,0.00,5,,183<br />
2002-7-1,33,26,19,21,18,17,87,63,43,1020,1017,1014,16,14,11,26,19,35,0.00,5,,246<br />
2002-7-2,34,29,25,23,22,19,74,62,54,1014,1012,1010,13,9,6,26,16,35,0.00,4,,262<br />
2002-7-3,34,30,27,23,22,21,79,64,55,1010,1009,1008,16,12,10,21,14,,0.00,4,,259<br />
2002-7-4,36,31,27,24,22,19,79,58,38,1010,1008,1007,16,16,14,26,10,29,0.00,3,,262<br />
2002-7-5,29,26,21,21,14,11,69,51,35,1014,1010,1008,16,15,11,37,23,48,0.00,2,,297<br />
2002-7-6,28,23,19,14,12,9,70,51,32,1015,1014,1012,16,15,11,27,19,34,0.00,4,Rain,308<br />
2002-7-7,26,23,20,17,14,10,73,58,47,1019,1016,1014,16,8,4,24,16,27,0.00,7,,277<br />
2002-7-8,33,26,19,18,16,14,83,55,33,1020,1017,1015,16,12,6,24,16,39,0.00,6,,261<br />
2002-7-9,33,27,20,20,18,16,94,69,36,1015,1012,1010,10,6,2,32,19,40,13.72,7,Rain-Thunderstorm,251<br />
2002-7-10,26,22,18,19,12,6,90,55,30,1016,1012,1009,16,13,4,32,18,47,2.03,3,Rain,324<br />
2002-7-11,24,18,14,8,7,6,60,45,34,1018,1016,1015,16,16,16,32,21,42,0.00,1,,314<br />
2002-7-12,24,20,16,15,10,7,70,53,39,1019,1017,1016,16,16,16,23,14,,0.00,2,,217<br />
2002-7-13,31,24,18,17,14,12,75,56,34,1017,1016,1014,16,16,16,32,19,42,0.00,3,,231<br />
2002-7-14,30,24,19,18,16,13,84,61,36,1017,1015,1014,16,16,16,26,18,,0.00,5,,218<br />
2002-7-15,31,25,19,19,17,14,90,65,37,1014,1011,1008,16,16,10,26,18,40,1.27,5,Rain-Thunderstorm,241<br />
2002-7-16,27,23,19,17,12,9,75,56,36,1015,1012,1009,16,16,16,27,18,37,1.27,3,,323<br />
2002-7-17,26,21,16,17,14,11,72,62,52,1016,1013,1010,16,16,16,24,16,,0.00,4,,197<br />
2002-7-18,33,27,21,20,18,17,81,63,40,1011,1009,1008,16,14,8,23,16,34,0.00,6,,251<br />
2002-7-19,24,21,18,21,17,14,94,80,66,1013,1011,1010,13,7,2,19,10,,5.08,8,Rain-Thunderstorm,47<br />
2002-7-20,22,19,17,16,16,15,90,81,68,1020,1015,1011,16,16,13,26,14,,0.00,6,,58<br />
2002-7-21,30,23,17,18,16,14,90,70,42,1022,1020,1018,16,16,14,26,13,34,0.00,4,,201<br />
2002-7-22,32,26,19,20,18,17,87,65,46,1020,1016,1014,16,16,14,35,23,50,0.00,1,,215<br />
2002-7-23,36,29,23,22,20,17,94,71,43,1018,1014,1010,16,11,3,50,24,71,11.68,4,Rain-Thunderstorm,260<br />
2002-7-24,22,19,17,19,12,8,94,66,54,1024,1023,1019,16,16,16,32,21,39,0.00,5,Rain,43<br />
2002-7-25,22,19,15,15,12,8,87,68,44,1025,1025,1024,16,16,16,24,13,,0.00,2,,59<br />
2002-7-26,21,18,14,14,12,11,87,71,54,1025,1023,1020,16,16,16,26,14,,0.00,5,,74<br />
2002-7-27,23,20,17,18,16,13,90,80,71,1019,1016,1014,16,15,6,21,10,,1.78,7,Rain,186<br />
2002-7-28,25,21,18,21,19,17,100,87,74,1015,1014,1010,16,7,1,19,10,,0.00,7,,176<br />
2002-7-29,33,27,21,23,21,19,97,74,44,1010,1008,1006,16,10,4,29,16,40,0.51,5,Rain-Thunderstorm,233<br />
2002-7-30,35,28,23,22,19,16,82,57,39,1008,1006,1005,16,16,13,27,11,37,0.00,4,,275<br />
2002-7-31,34,28,24,18,17,15,64,48,33,1011,1010,1009,16,16,16,21,14,29,0.00,1,,320<br />
2002-8-1,31,27,22,20,18,17,87,63,44,1014,1013,1011,16,16,16,27,14,,0.00,2,,74<br />
2002-8-2,30,24,21,21,19,18,90,75,54,1017,1016,1015,16,15,6,35,14,61,2.79,5,Rain-Thunderstorm,185<br />
2002-8-3,31,26,21,21,20,19,90,72,51,1022,1020,1017,16,16,14,21,11,,0.00,4,,168<br />
2002-8-4,34,28,23,21,19,17,79,62,37,1023,1020,1017,16,15,13,24,10,29,0.00,3,,194<br />
2002-8-5,34,28,24,23,21,20,89,67,45,1017,1011,1007,16,13,8,29,19,39,0.00,6,,241<br />
2002-8-6,26,22,19,19,11,6,74,49,31,1013,1010,1006,16,16,14,42,23,52,0.00,3,,320<br />
2002-8-7,28,22,17,12,9,7,67,46,27,1017,1014,1013,16,16,16,29,21,35,0.00,1,,324<br />
2002-8-8,25,21,18,14,11,9,65,53,41,1020,1018,1016,16,16,16,24,16,,0.00,1,,341<br />
2002-8-9,26,21,18,13,11,9,58,50,38,1023,1021,1021,16,16,16,26,16,,0.00,1,,83<br />
2002-8-10,31,24,19,16,13,11,63,48,29,1022,1020,1018,16,16,16,24,18,32,0.00,3,,241<br />
2002-8-11,32,26,21,19,17,15,79,61,42,1020,1018,1016,16,16,16,24,18,,0.00,0,,194<br />
2002-8-12,32,27,21,20,19,17,81,64,48,1017,1016,1015,16,16,14,23,14,,0.00,1,,196<br />
2002-8-13,36,29,23,21,19,18,79,58,39,1018,1016,1015,13,8,2,26,13,,0.00,2,,184<br />
2002-8-14,38,31,25,21,19,15,74,55,26,1019,1017,1016,13,8,5,27,14,,0.00,2,,224<br />
2002-8-15,34,28,23,22,21,18,82,64,42,1021,1020,1018,16,15,11,29,21,39,0.00,3,,211<br />
2002-8-16,34,29,25,24,22,18,87,67,49,1020,1017,1014,16,14,6,29,19,,0.51,7,Rain,224<br />
2002-8-17,36,30,26,22,18,10,79,50,23,1015,1014,1012,16,15,11,23,13,35,0.00,6,,275<br />
2002-8-18,35,29,22,21,20,17,84,61,41,1013,1010,1008,16,15,10,27,13,32,0.00,4,,193<br />
2002-8-19,29,24,21,21,17,13,84,61,41,1012,1011,1009,16,16,14,21,14,,0.00,2,,27<br />
2002-8-20,24,21,19,18,16,12,88,74,48,1020,1015,1011,16,14,5,23,11,,8.64,5,Rain,43<br />
2002-8-21,24,21,19,18,14,11,82,64,43,1026,1024,1021,16,16,16,21,14,,0.00,1,,76<br />
2002-8-22,30,24,19,19,17,14,94,69,41,1024,1018,1013,16,14,3,29,18,37,10.67,6,Rain,213<br />
2002-8-23,21,19,17,19,17,13,94,82,61,1018,1015,1012,16,15,6,34,14,45,1.78,6,Rain,36<br />
2002-8-24,20,17,15,15,14,12,94,83,66,1016,1011,1009,16,13,2,21,13,,6.60,7,Rain,8<br />
2002-8-25,26,19,14,17,14,13,94,76,58,1013,1010,1008,16,15,8,19,13,,0.51,4,Rain,297<br />
2002-8-26,29,23,18,17,14,12,78,56,37,1016,1014,1013,16,16,16,23,13,,0.00,5,,237<br />
2002-8-27,25,22,19,15,14,13,73,64,50,1025,1019,1015,16,16,16,24,13,,0.00,6,,22<br />
2002-8-28,21,19,17,15,13,11,84,70,59,1029,1028,1025,16,16,16,26,19,,0.00,8,,52<br />
2002-8-29,18,17,16,17,15,13,100,88,78,1027,1024,1020,16,9,3,32,19,40,20.83,8,Rain,42<br />
2002-8-30,21,18,16,16,15,14,94,84,70,1026,1023,1020,16,12,3,24,14,,1.78,7,,24<br />
2002-8-31,19,17,15,16,13,8,93,75,54,1036,1033,1026,16,16,13,34,19,40,0.00,6,,66<br />
2002-9-1,20,16,13,14,12,9,83,74,63,1034,1031,1026,16,16,16,23,14,,0.00,7,,70<br />
2002-9-2,19,18,17,18,17,15,100,92,87,1026,1021,1016,16,8,2,26,18,32,12.70,8,Rain,45<br />
2002-9-3,23,21,19,20,19,18,97,92,81,1015,1015,1014,16,5,2,26,18,,10.41,8,Rain,28<br />
2002-9-4,28,22,18,22,19,13,100,87,57,1015,1012,1010,16,6,0,23,10,,8.89,6,Fog-Rain,136<br />
2002-9-5,24,21,17,13,11,5,66,51,36,1018,1014,1012,16,16,16,34,19,40,0.00,1,,314<br />
2002-9-6,27,21,15,13,7,3,65,44,24,1022,1020,1018,16,16,16,23,14,,0.00,0,,294<br />
2002-9-7,26,21,17,15,11,8,63,52,36,1026,1025,1022,16,16,16,16,8,,0.00,0,,209<br />
2002-9-8,32,24,18,19,15,13,78,59,35,1026,1023,1020,16,16,16,24,16,,0.00,0,,225<br />
2002-9-9,32,26,21,21,18,16,76,61,44,1020,1017,1014,16,16,16,16,11,,0.00,0,,206<br />
2002-9-10,33,27,22,20,18,17,76,61,43,1014,1008,1001,16,16,13,34,18,45,0.00,3,,224<br />
2002-9-11,27,21,16,21,14,6,87,63,43,1003,995,988,16,16,13,55,24,72,0.00,7,,270<br />
2002-9-12,22,18,13,7,3,-2,60,41,21,1016,1011,1004,16,16,16,35,26,47,0.00,1,,295<br />
2002-9-13,28,20,13,12,8,6,62,44,30,1018,1015,1013,16,16,16,35,21,45,0.00,2,,246<br />
2002-9-14,27,22,17,19,16,13,84,72,52,1023,1021,1019,16,15,11,26,13,,0.00,6,,180<br />
2002-9-15,27,23,21,21,20,19,100,84,62,1021,1018,1016,16,13,4,32,23,53,6.10,8,Rain,203<br />
2002-9-16,26,20,16,21,17,14,97,89,79,1015,1014,1013,16,15,3,29,16,,5.33,8,Rain,127<br />
2002-9-17,20,18,16,16,14,13,94,86,70,1017,1015,1013,16,14,1,23,10,,0.00,5,,69<br />
2002-9-18,21,19,16,15,14,12,93,77,61,1019,1018,1016,16,16,16,21,14,,0.00,3,,59<br />
2002-9-19,26,21,16,16,15,14,93,74,48,1020,1019,1017,16,16,16,26,16,,0.00,3,,215<br />
2002-9-20,26,21,16,18,16,15,96,78,58,1019,1017,1015,16,16,16,29,19,39,0.00,4,,221<br />
2002-9-21,28,23,18,20,18,17,93,79,60,1017,1015,1014,16,16,13,26,18,39,0.00,3,,217<br />
2002-9-22,29,24,20,22,19,16,100,83,47,1018,1017,1015,16,15,4,24,16,,2.79,5,Rain,196<br />
2002-9-23,24,21,19,22,19,12,100,88,57,1021,1016,1014,16,9,2,24,13,,22.10,8,Rain-Thunderstorm,195<br />
2002-9-24,18,17,15,14,13,11,96,80,67,1026,1024,1022,16,16,11,27,16,,0.00,7,,36<br />
2002-9-25,18,16,14,16,14,13,96,89,78,1028,1027,1026,16,14,11,16,10,,0.00,5,,45<br />
2002-9-26,18,16,14,15,13,10,96,85,72,1026,1023,1019,16,15,11,21,13,,3.05,8,Rain,45<br />
2002-9-27,23,17,14,21,15,13,100,96,90,1018,1012,1002,16,6,1,26,18,,8.38,8,Fog-Rain,64<br />
2002-9-28,24,19,14,22,14,7,94,71,49,1021,1009,999,16,13,3,37,29,50,3.56,4,Rain,305<br />
2002-9-29,16,13,11,9,7,5,77,67,55,1026,1025,1022,16,16,16,16,13,,0.00,1,,60<br />
2002-9-30,21,17,12,14,12,9,86,73,59,1026,1024,1020,16,16,16,35,18,39,0.00,3,,221<br />
2002-10-1,27,21,16,18,16,13,93,75,54,1021,1018,1015,16,14,6,29,21,45,0.00,0,,231<br />
2002-10-2,29,24,19,21,18,17,90,72,53,1016,1013,1010,14,11,5,27,18,,0.00,3,,245<br />
2002-10-3,24,18,13,20,14,7,90,78,68,1025,1017,1009,16,14,8,27,19,,0.25,7,Rain,33<br />
2002-10-4,18,14,12,16,11,7,94,79,67,1027,1022,1015,16,16,4,24,18,,0.25,6,Rain,130<br />
2002-10-5,28,22,16,21,17,8,94,73,42,1020,1011,1008,16,12,3,37,26,52,1.02,5,Rain,235<br />
2002-10-6,16,13,11,8,7,5,75,63,52,1028,1025,1021,16,16,16,23,16,,0.00,0,,60<br />
2002-10-7,22,17,12,17,11,4,89,71,46,1022,1015,1011,16,16,16,32,16,40,0.00,6,,202<br />
2002-10-8,15,11,9,4,2,-2,71,52,34,1027,1024,1018,16,16,16,23,16,32,0.00,1,,340<br />
2002-10-9,14,10,7,7,4,1,76,66,56,1030,1029,1028,16,16,16,19,13,,0.00,6,,63<br />
2002-10-10,15,13,11,9,8,6,83,73,62,1030,1029,1028,16,16,16,24,13,,0.00,6,,140<br />
2002-10-11,16,13,11,14,12,10,97,90,81,1030,1029,1028,16,13,3,24,14,,2.54,8,Rain,63<br />
2002-10-12,14,13,13,13,12,12,94,92,87,1028,1026,1024,16,7,2,35,27,47,5.59,8,Rain,60<br />
2002-10-13,15,14,13,14,13,12,100,95,88,1023,1020,1017,13,5,1,26,19,,9.40,8,Fog-Rain,28<br />
2002-10-14,14,10,6,13,-1,-6,94,51,29,1026,1022,1017,16,15,4,32,21,42,0.00,1,,325<br />
2002-10-15,11,7,3,5,1,-3,74,64,56,1026,1024,1021,16,16,16,16,13,,0.00,5,,59<br />
2002-10-16,17,13,10,16,11,6,100,88,71,1021,1007,993,16,9,2,50,31,63,18.03,8,Rain,101<br />
2002-10-17,17,13,9,12,7,5,90,71,50,1013,1007,994,16,16,14,45,26,58,0.00,3,,246<br />
2002-10-18,14,11,7,8,3,-1,77,58,39,1022,1016,1012,16,16,16,27,19,34,0.00,2,,276<br />
2002-10-19,16,11,6,10,6,2,86,68,60,1021,1013,1007,16,16,16,45,19,60,0.00,5,Rain,213<br />
2002-10-20,14,11,8,6,2,0,74,54,39,1016,1012,1009,16,16,16,29,23,45,0.00,3,,279<br />
2002-10-21,12,8,4,2,-1,-6,76,55,37,1023,1019,1016,16,16,16,24,14,40,0.00,3,,306<br />
2002-10-22,11,6,2,-2,-5,-9,67,45,25,1024,1023,1022,16,16,16,16,13,,0.00,4,,300<br />
2002-10-23,8,4,1,2,-1,-4,93,68,47,1027,1024,1022,16,13,3,24,14,34,7.11,5,Rain-Snow,332<br />
2002-10-24,9,6,2,0,-2,-4,70,59,44,1029,1028,1027,16,16,16,21,14,,0.00,2,,285<br />
2002-10-25,9,6,2,1,-1,-3,76,61,44,1031,1029,1026,16,16,16,16,13,,0.00,4,,44<br />
2002-10-26,12,10,8,11,8,1,100,90,61,1026,1013,1007,16,7,1,34,23,42,44.20,8,Rain,70<br />
2002-10-27,14,10,7,7,3,1,90,67,44,1016,1014,1010,16,16,16,29,18,39,0.00,3,,289<br />
2002-10-28,11,7,3,2,-1,-4,71,56,44,1020,1018,1016,16,16,16,26,18,34,0.00,4,,303<br />
2002-10-29,7,4,1,-3,-6,-8,65,48,35,1022,1020,1018,16,16,16,23,18,35,0.00,5,,331<br />
2002-10-30,6,4,2,-4,-6,-7,57,51,40,1019,1016,1014,16,16,16,21,14,,0.00,8,,355<br />
2002-10-31,8,4,0,-1,-3,-6,67,58,39,1016,1015,1014,16,16,16,21,14,,0.00,3,,294<br />
2002-11-1,11,7,3,3,-2,-5,79,57,41,1015,1010,1007,16,16,10,29,18,42,0.25,5,Rain,260<br />
2002-11-2,4,1,-2,-9,-11,-13,54,42,29,1015,1012,1009,16,16,16,32,23,45,0.00,1,,299<br />
2002-11-3,6,2,-2,-9,-12,-15,51,39,22,1023,1020,1015,16,16,16,21,11,,0.00,4,,337<br />
2002-11-4,8,4,0,5,-2,-7,96,65,43,1022,1018,1016,16,15,11,21,8,35,1.52,6,Rain,209<br />
2002-11-5,8,6,3,5,1,-3,98,71,46,1022,1020,1016,16,16,13,24,18,,0.00,4,,43<br />
2002-11-6,10,8,6,9,7,2,97,91,73,1014,1000,990,16,6,2,45,29,58,22.35,8,Rain,51<br />
2002-11-7,6,2,-1,1,-7,-16,73,50,24,1020,1010,998,16,16,16,37,27,60,0.00,2,,302<br />
2002-11-8,15,8,0,6,-1,-11,74,53,39,1020,1015,1012,16,16,16,37,21,48,0.00,4,,222<br />
2002-11-9,15,11,8,10,7,4,86,75,60,1017,1015,1014,16,15,11,27,21,45,0.00,6,,216<br />
2002-11-10,21,17,12,16,13,9,94,84,57,1015,1012,1010,16,15,5,42,23,52,0.00,8,Rain,203<br />
2002-11-11,21,19,16,18,16,12,94,86,73,1016,1010,1007,16,15,2,37,24,48,1.27,8,Rain,214<br />
2002-11-12,15,12,9,12,8,8,96,86,67,1022,1018,1014,16,10,3,40,21,53,17.53,8,Rain,28<br />
2002-11-13,8,8,7,8,7,3,97,90,76,1015,1013,1011,16,13,5,27,21,35,14.73,8,Rain,351<br />
2002-11-14,11,7,4,3,1,-1,71,61,44,1016,1015,1013,16,16,14,32,21,40,0.00,3,,281<br />
2002-11-15,16,12,8,6,4,2,77,64,41,1020,1015,1013,16,16,14,35,21,35,0.00,6,,228<br />
2002-11-16,8,6,3,4,2,1,93,82,62,1028,1025,1020,16,13,8,45,26,55,11.68,8,Rain,35<br />
2002-11-17,7,4,2,7,4,1,100,94,93,1019,1007,998,16,6,3,52,39,66,31.75,8,Rain,12<br />
2002-11-18,6,3,2,2,0,-3,93,80,60,1023,1004,996,16,14,3,53,24,77,5.08,7,Rain,274<br />
2002-11-19,6,3,0,3,-2,-5,85,71,59,1029,1026,1022,16,16,16,23,10,,0.00,7,,49<br />
2002-11-20,13,8,3,4,3,1,89,76,53,1024,1023,1022,16,16,13,14,6,,0.00,1,,225<br />
2002-11-21,10,6,2,9,5,2,100,95,87,1022,1017,1010,14,5,0,19,6,,0.00,7,Fog,315<br />
2002-11-22,9,7,6,8,7,6,100,97,93,1009,1001,991,16,4,0,21,11,,14.22,8,Rain,2<br />
2002-11-23,8,4,2,7,-1,-6,100,72,53,1008,996,989,16,15,3,45,27,63,0.00,5,Rain-Snow,255<br />
2002-11-24,9,6,2,-1,-3,-4,70,57,41,1018,1012,1008,16,16,16,39,27,53,0.00,3,,253<br />
2002-11-25,9,6,3,6,1,-2,93,70,54,1022,1021,1019,16,15,8,21,13,,1.02,6,Rain,242<br />
2002-11-26,7,5,3,4,-1,-5,97,68,47,1024,1022,1020,16,14,8,24,14,34,0.25,5,Rain,333<br />
2002-11-27,3,-1,-6,0,-3,-12,96,83,57,1020,1017,1014,16,7,1,29,19,40,5.33,6,Fog-Snow,342<br />
2002-11-28,-1,-4,-7,-9,-13,-14,66,53,38,1019,1015,1012,16,16,16,29,21,45,0.00,1,,279<br />
2002-11-29,2,-1,-3,-1,-4,-8,89,78,59,1011,1004,998,16,12,2,29,23,35,0.00,7,Snow,226<br />
2002-11-30,8,5,2,3,1,-1,79,71,60,997,994,992,16,16,16,26,21,,0.00,7,,227<br />
2002-12-1,4,1,-3,0,-9,-15,79,50,38,1013,1001,992,16,16,16,42,29,60,0.00,4,,273<br />
2002-12-2,3,-1,-4,-2,-9,-12,87,53,41,1014,1012,1010,16,15,5,27,21,39,0.00,7,Snow,242<br />
2002-12-3,-1,-5,-9,-2,-13,-20,93,57,35,1027,1017,1010,16,13,2,45,27,58,0.00,3,Snow,304<br />
2002-12-4,-1,-4,-8,-13,-16,-18,54,42,26,1029,1027,1026,16,16,16,24,19,34,0.00,1,,281<br />
2002-12-5,-2,-3,-4,-5,-8,-13,92,74,49,1028,1021,1015,16,7,1,24,13,,1.27,8,Snow,338<br />
2002-12-6,0,-2,-4,-3,-5,-7,93,84,67,1022,1017,1015,16,8,2,23,18,,0.51,6,Snow,307<br />
2002-12-7,3,-2,-6,-6,-7,-9,78,65,50,1023,1020,1016,16,16,16,39,21,48,0.00,1,,228<br />
2002-12-8,5,1,-3,-2,-5,-11,69,61,42,1024,1017,1014,16,16,14,34,24,47,0.00,2,,251<br />
2002-12-9,-4,-8,-11,-11,-19,-25,65,41,28,1037,1033,1026,16,16,16,27,21,42,0.00,1,,276<br />
2002-12-10,3,-2,-6,-6,-8,-11,88,60,43,1029,1025,1023,16,16,16,26,18,,0.00,6,,248<br />
2002-12-11,6,2,-2,6,1,-9,100,88,54,1025,1021,1014,16,15,5,40,16,50,5.33,6,Rain-Thunderstorm,32<br />
2002-12-12,6,3,2,4,3,1,100,93,79,1020,1014,1009,16,10,4,48,32,55,13.46,7,Rain-Snow,346<br />
2002-12-13,6,3,0,4,2,-1,96,84,70,1023,1019,1013,16,15,8,19,8,,0.76,5,Rain,126<br />
2002-12-14,8,5,2,8,6,1,100,94,86,1013,997,987,16,6,1,52,27,66,50.55,8,Rain,32<br />
2002-12-15,7,5,3,2,-1,-3,82,66,53,1005,1001,991,16,16,16,37,27,50,0.00,5,,280<br />
2002-12-16,3,0,-2,1,-1,-8,100,85,64,1015,1006,1003,16,11,1,37,16,45,3.05,7,Rain-Snow,4<br />
2002-12-17,-1,-3,-6,-8,-13,-16,66,48,33,1029,1024,1016,16,16,16,32,21,,0.00,2,,335<br />
2002-12-18,5,-1,-6,-7,-12,-16,61,44,22,1032,1030,1026,16,16,16,23,14,,0.00,0,,281<br />
2002-12-19,7,2,-3,6,-3,-11,100,66,42,1026,1019,1012,16,16,13,24,14,37,0.00,4,,225<br />
2002-12-20,16,10,4,14,9,1,100,93,71,1011,1001,992,16,9,2,47,16,60,28.19,8,Rain,193<br />
2002-12-21,7,4,2,0,-3,-4,73,61,44,1006,1001,995,16,16,16,42,23,60,0.00,3,Rain,244<br />
2002-12-22,9,5,1,-3,-4,-7,70,51,31,1007,1004,1002,16,16,16,37,24,45,0.00,4,,234<br />
2002-12-23,6,4,2,-2,-5,-7,58,52,47,1010,1008,1004,16,16,16,37,26,48,0.00,3,,262<br />
2002-12-24,4,2,0,-5,-8,-10,69,48,38,1016,1013,1008,16,16,16,34,21,48,0.00,4,,290<br />
2002-12-25,4,1,-2,3,0,-7,100,91,59,1014,995,983,16,7,1,58,29,74,16.76,8,Fog-Rain-Snow,42<br />
2002-12-26,2,0,-2,-2,-5,-9,100,76,56,1016,1000,986,16,9,1,45,35,63,0.76,5,Fog-Snow,310<br />
2002-12-27,2,-2,-5,-8,-10,-12,65,54,35,1022,1019,1016,16,16,16,29,19,35,0.00,1,,297<br />
2002-12-28,1,-1,-3,-4,-6,-10,76,69,56,1017,1013,1010,16,16,16,21,11,,0.00,5,,285<br />
2002-12-29,4,1,-1,-1,-4,-7,92,70,55,1021,1014,1010,16,16,13,29,18,39,0.00,4,,291<br />
2002-12-30,-1,-2,-4,-2,-9,-13,100,60,40,1028,1026,1021,16,14,2,21,14,34,0.00,5,Snow,276<br />
2002-12-31,4,1,-2,3,2,-2,100,99,93,1026,1017,1011,16,5,0,24,10,,0.76,8,Fog-Rain-Snow,139<br />
2003-1-1,6,4,2,4,2,-2,100,83,60,1019,1014,1009,16,11,5,40,21,55,10.67,8,Rain,356<br />
2003-1-2,3,-1,-5,1,-6,-9,96,79,61,1025,1015,1008,16,10,2,45,37,58,1.52,8,Rain-Snow,16<br />
2003-1-3,3,0,-3,2,-2,-8,96,83,69,1026,1019,1008,16,11,2,50,31,61,12.45,8,Rain-Snow,62<br />
2003-1-4,3,0,-2,2,
