MST,Max TemperatureC,Mean TemperatureC,Min TemperatureC,Dew PointC,MeanDew PointC,Min DewpointC,Max Humidity, Mean Humidity, Min Humidity, Max Sea Level PressurehPa, Mean Sea Level PressurehPa, Min Sea Level PressurehPa, Max VisibilityKm, Mean VisibilityKm, Min VisibilitykM, Max Wind SpeedKm/h, Mean Wind SpeedKm/h, Max Gust SpeedKm/h,Precipitationmm, CloudCover, Events,WindDirDegrees<br />
2003-1-1,-2,-10,-18,-10,-15,-23,68,62,55,1015,1013,1009,24,24,24,19,13,,0.00,3,,176<br />
2003-1-2,0,-8,-16,-6,-12,-20,78,68,59,1011,1007,1001,24,24,24,14,8,,0.00,5,,172<br />
2003-1-3,5,0,-6,-3,-8,-12,74,64,56,1016,1008,1002,24,24,24,19,11,,0.00,5,,206<br />
2003-1-4,-3,-7,-11,-9,-12,-16,69,64,55,1017,1014,1011,24,24,24,13,11,,0.00,5,,145<br />
2003-1-5,3,-3,-8,-3,-7,-12,74,69,60,1025,1022,1013,24,24,24,16,8,,0.00,6,,198<br />
2003-1-6,4,0,-4,-3,-7,-10,69,63,56,1024,1020,1018,24,24,24,19,10,,0.00,6,,173<br />
2003-1-7,8,1,-6,-5,-9,-12,69,58,40,1017,1014,1011,24,24,24,26,11,35,0.00,5,,195<br />
2003-1-8,4,-1,-8,-6,-12,-17,52,44,35,1035,1024,1015,24,24,24,52,29,64,0.00,1,,312<br />
2003-1-9,-8,-14,-20,-17,-22,-26,66,56,45,1039,1036,1032,24,24,24,16,11,,0.00,0,,206<br />
2003-1-10,-14,-20,-25,-21,-26,-31,65,61,56,1033,1031,1027,24,24,24,19,8,,0.00,0,,144<br />
2003-1-11,-15,-20,-25,-22,-26,-31,65,60,55,1030,1024,1019,24,23,16,27,11,32,0.00,2,Snow,308<br />
2003-1-12,-17,-21,-24,-24,-26,-29,64,59,55,1031,1029,1027,24,18,2,24,13,,0.00,6,Snow,116<br />
2003-1-13,-17,-22,-27,-23,-25,-31,70,61,55,1037,1033,1028,24,19,2,13,6,,0.00,5,Snow,130<br />
2003-1-14,-16,-21,-25,-22,-25,-31,65,61,56,1038,1035,1033,24,17,2,21,14,,0.00,7,Snow,130<br />
2003-1-15,-9,-16,-22,-15,-21,-27,72,65,61,1037,1034,1033,24,14,0,10,5,,0.00,4,Fog-Snow,172<br />
2003-1-16,-8,-15,-21,-13,-19,-26,78,72,65,1037,1035,1031,24,13,0,19,3,,0.00,2,Fog,190<br />
2003-1-17,-1,-6,-9,-7,-9,-13,74,65,55,1034,1031,1025,24,21,2,26,16,32,0.00,6,Snow,258<br />
2003-1-18,0,-2,-7,-3,-6,-11,80,76,74,1025,1020,1011,24,7,0,13,5,,0.00,7,Fog-Snow,248<br />
2003-1-19,-1,-8,-14,-4,-12,-19,80,72,67,1024,1017,1011,24,9,0,23,11,,0.00,8,Fog-Snow,66<br />
2003-1-20,-15,-17,-21,-19,-23,-27,72,64,60,1036,1031,1024,24,5,2,19,11,,0.00,8,Snow,30<br />
2003-1-21,-22,-28,-35,-27,-33,-41,65,60,52,1043,1040,1036,24,23,5,19,8,,0.00,3,Fog-Snow,284<br />
2003-1-22,-24,-33,-42,-30,-38,-46,68,62,56,1046,1043,1036,24,11,2,34,8,35,0.00,4,Fog-Snow,164<br />
2003-1-23,-21,-22,-24,-27,-29,-30,60,58,54,1034,1028,1025,24,15,2,34,24,45,0.00,8,Snow,125<br />
2003-1-24,-20,-21,-23,-27,-28,-29,65,57,50,1037,1032,1029,24,8,1,19,13,,0.00,7,Snow,360<br />
2003-1-25,-20,-22,-24,-27,-28,-30,64,58,54,1042,1037,1026,24,16,2,27,13,37,0.00,7,Snow,139<br />
2003-1-26,-5,-12,-20,-8,-18,-26,80,65,55,1024,1008,1001,24,23,13,35,21,34,0.00,7,Rain-Snow,178<br />
2003-1-27,2,-8,-17,-3,-14,-22,86,74,66,1025,1014,1004,24,9,0,26,13,,0.00,7,Fog-Snow,5<br />
2003-1-28,-16,-18,-21,-22,-24,-27,66,62,55,1032,1029,1025,24,13,2,16,8,,0.00,5,Snow,84<br />
2003-1-29,-3,-14,-25,-10,-19,-31,72,64,55,1024,1016,1007,24,24,24,14,6,,0.00,4,,191<br />
2003-1-30,2,-2,-6,-2,-5,-11,81,75,68,1013,1009,1005,24,17,4,23,13,27,0.00,7,Rain-Snow,264<br />
2003-1-31,-1,-4,-10,-6,-9,-15,74,69,64,1010,1004,1002,24,23,19,19,11,27,0.00,7,,149<br />
2003-2-1,-1,-7,-13,-6,-9,-17,74,71,64,1018,1010,1004,24,21,10,21,8,,0.00,7,Rain-Snow,323<br />
2003-2-2,-3,-10,-16,-10,-16,-21,80,70,55,1024,1021,1018,24,16,0,19,8,,0.00,3,Fog,209<br />
2003-2-3,0,-5,-10,-5,-9,-14,75,67,55,1024,1021,1020,24,18,1,34,11,,0.00,7,Snow,261<br />
2003-2-4,1,-3,-6,-3,-8,-12,80,66,55,1024,1023,1020,24,24,24,26,14,,0.00,6,Snow,295<br />
2003-2-5,-1,-8,-15,-4,-8,-16,100,86,74,1033,1028,1022,24,18,1,26,14,34,0.00,5,Fog-Snow,323<br />
2003-2-6,3,-8,-19,-5,-12,-20,92,75,52,1033,1027,1020,24,22,13,23,10,,0.00,1,,214<br />
2003-2-7,3,-1,-4,-3,-4,-6,93,73,56,1026,1024,1020,24,20,2,34,19,47,0.00,7,Snow,327<br />
2003-2-8,-2,-6,-10,-3,-9,-12,100,89,86,1028,1023,1015,24,12,2,27,11,,0.00,8,Snow,193<br />
2003-2-9,-2,-6,-10,-5,-7,-11,93,87,74,1016,1014,1012,24,11,2,24,10,34,0.00,8,Snow,33<br />
2003-2-10,1,-3,-7,-3,-6,-9,93,79,65,1017,1015,1014,24,21,6,34,13,45,0.00,7,Snow,289<br />
2003-2-11,-1,-6,-9,-3,-9,-14,86,80,54,1022,1019,1015,24,21,5,24,13,35,0.00,7,Snow,161<br />
2003-2-12,0,-6,-12,-5,-8,-14,93,82,64,1019,1017,1016,24,21,2,11,6,,0.00,4,Fog-Snow,198<br />
2003-2-13,-7,-12,-18,-9,-14,-20,93,88,78,1022,1017,1014,24,6,1,16,5,,0.00,5,Fog-Snow,114<br />
2003-2-14,-9,-11,-13,-10,-13,-16,93,84,79,1026,1025,1023,24,13,2,29,19,32,0.00,8,Snow,125<br />
2003-2-15,-8,-12,-16,-10,-14,-18,93,82,79,1024,1019,1012,24,19,5,23,16,,0.00,8,Snow,127<br />
2003-2-16,-9,-11,-13,-11,-13,-14,93,86,79,1015,1013,1011,24,8,1,19,8,,0.00,8,Fog-Snow,344<br />
2003-2-17,-8,-12,-15,-11,-14,-17,92,80,73,1017,1015,1013,24,15,1,19,10,,0.00,6,Snow,110<br />
2003-2-18,1,-4,-8,-6,-8,-12,80,69,55,1014,1013,1012,24,24,24,16,10,27,0.00,6,,239<br />
2003-2-19,-8,-13,-17,-10,-15,-19,100,85,73,1022,1014,1010,24,10,0,29,13,35,0.00,7,Fog-Snow,22<br />
2003-2-20,-17,-19,-22,-20,-24,-27,85,69,55,1027,1024,1021,19,6,1,26,18,27,0.00,8,Snow,99<br />
2003-2-21,-20,-23,-26,-25,-27,-30,71,66,64,1027,1025,1024,24,12,3,19,14,,0.00,7,Snow,124<br />
2003-2-22,-18,-22,-27,-25,-27,-32,76,64,46,1035,1031,1026,24,20,8,16,6,,0.00,4,Snow,307<br />
2003-2-23,-19,-27,-34,-24,-32,-41,77,63,51,1038,1035,1029,24,24,24,23,8,,0.00,1,,221<br />
2003-2-24,-8,-21,-33,-17,-26,-37,71,63,49,1028,1023,1017,24,24,24,13,8,,0.00,2,,220<br />
2003-2-25,1,-9,-18,-7,-12,-24,86,66,52,1017,1012,1010,24,24,19,16,11,,0.00,7,Snow,234<br />
2003-2-26,-4,-7,-9,-8,-10,-12,86,78,68,1019,1015,1011,24,24,19,11,5,,0.00,8,Snow,106<br />
2003-2-27,-4,-8,-13,-8,-12,-15,86,79,69,1021,1017,1011,24,22,8,19,10,,0.00,5,Snow,178<br />
2003-2-28,-2,-10,-17,-6,-13,-19,93,80,73,1027,1015,1010,24,19,4,27,13,34,0.00,7,Snow,320<br />
2003-3-1,-12,-14,-16,-15,-18,-20,79,73,67,1029,1025,1015,24,22,3,29,18,37,0.00,7,Snow,145<br />
2003-3-2,3,-4,-13,-2,-9,-18,93,77,60,1020,1011,1007,24,13,1,52,19,63,0.00,7,Snow,296<br />
2003-3-3,-13,-19,-30,-17,-22,-35,78,71,61,1026,1023,1021,24,21,3,32,16,29,0.00,7,Snow,349<br />
2003-3-4,-14,-24,-34,-19,-28,-39,78,66,57,1023,1016,1000,24,18,1,24,8,35,0.00,3,,174<br />
2003-3-5,-10,-14,-19,-13,-21,-27,85,68,50,1013,1004,993,24,12,1,39,23,50,0.00,8,Snow,348<br />
2003-3-6,-20,-27,-34,-26,-32,-38,83,57,38,1024,1018,1014,24,23,8,26,14,,0.00,3,Snow,295<br />
2003-3-7,-25,-32,-39,-32,-38,-43,74,63,52,1035,1029,1024,24,23,13,16,6,,0.00,3,Fog-Snow,265<br />
2003-3-8,-23,-31,-40,-31,-38,-45,74,57,41,1040,1038,1036,24,23,16,16,6,,0.00,1,,248<br />
2003-3-9,-19,-29,-39,-26,-33,-43,69,56,39,1037,1032,1023,24,24,24,23,10,27,0.00,5,Snow,174<br />
2003-3-10,-15,-18,-21,-21,-23,-26,72,63,55,1022,1019,1016,24,14,1,24,14,,0.00,7,Snow,253<br />
2003-3-11,-16,-20,-24,-20,-24,-29,77,67,55,1022,1017,1013,24,16,3,14,8,,0.00,7,Snow,177<br />
2003-3-12,-13,-19,-24,-16,-21,-29,79,71,64,1014,1010,1002,24,21,10,35,18,47,0.00,7,Snow,131<br />
2003-3-13,-8,-11,-14,-12,-15,-17,85,77,73,1002,1001,1000,24,23,11,24,13,,0.00,7,Snow,114<br />
2003-3-14,0,-7,-14,-6,-11,-17,86,77,64,1001,1000,998,24,19,6,11,6,,0.00,6,,160<br />
2003-3-15,3,-4,-12,-2,-7,-14,86,76,65,1004,1002,998,24,14,3,26,6,34,0.00,4,,131<br />
2003-3-16,1,-2,-4,-2,-4,-7,93,82,75,1003,1002,1001,24,11,0,26,11,,0.00,7,Rain-Snow,320<br />
2003-3-17,7,1,-4,-2,-4,-6,86,72,46,1019,1010,1003,24,20,2,19,11,,0.00,6,Snow,260<br />
2003-3-18,3,-3,-9,-3,-7,-13,80,71,60,1023,1020,1017,24,24,19,24,11,,0.00,1,,151<br />
2003-3-19,5,-3,-12,-3,-8,-15,86,63,52,1021,1019,1016,24,24,24,21,11,,0.00,2,,216<br />
2003-3-20,5,1,-3,-2,-4,-8,80,68,60,1015,1011,1007,24,24,24,29,18,,0.00,7,,148<br />
2003-3-21,7,2,-3,-2,-4,-7,75,63,49,1007,1006,1005,24,24,24,14,10,,0.00,4,,199<br />
2003-3-22,3,-2,-7,-1,-5,-11,87,72,60,1007,1000,993,24,24,24,37,11,50,0.00,5,,159<br />
2003-3-23,5,2,-1,-3,-5,-8,80,60,45,1010,1002,995,24,24,24,37,18,52,0.00,4,,294<br />
2003-3-24,1,-4,-8,-4,-9,-13,80,64,47,1019,1015,1011,24,21,4,29,16,35,0.00,4,Snow,300<br />
2003-3-25,2,-4,-9,-6,-9,-13,86,71,52,1017,1015,1013,24,24,24,16,10,,0.00,6,,190<br />
2003-3-26,2,-4,-10,-4,-8,-13,80,71,56,1018,1016,1014,24,24,24,13,6,,0.00,3,,178<br />
2003-3-27,0,-5,-10,-6,-9,-12,86,72,60,1033,1027,1018,24,24,24,21,8,,0.00,2,,306<br />
2003-3-28,3,-3,-10,-3,-7,-13,80,72,64,1034,1031,1029,24,22,16,23,14,,0.00,3,,177<br />
2003-3-29,3,-3,-9,-1,-5,-12,86,73,60,1029,1023,1017,24,24,19,14,8,,0.00,6,Rain,169<br />
2003-3-30,7,3,1,1,-1,-1,87,75,61,1016,1011,1006,24,24,19,21,10,27,0.00,8,Rain,192<br />
2003-3-31,7,4,2,2,-1,-2,81,75,61,1007,1005,1004,24,24,24,27,11,35,0.00,6,Rain,261<br />
2003-4-1,1,-2,-4,-1,-3,-8,93,82,74,1015,1009,1006,24,15,1,40,21,50,0.00,8,Rain-Snow,111<br />
2003-4-2,-5,-7,-8,-8,-11,-11,86,75,68,1017,1017,1015,24,12,3,39,34,48,0.00,8,Snow,121<br />
2003-4-3,-8,-9,-11,-11,-12,-14,79,77,68,1019,1016,1014,19,5,1,40,31,47,0.00,8,Snow,115<br />
2003-4-4,-7,-11,-15,-11,-14,-18,85,76,68,1020,1019,1019,24,23,19,26,19,,0.00,4,Snow,120<br />
2003-4-5,-4,-8,-11,-7,-9,-14,86,80,74,1019,1017,1016,24,18,6,24,21,32,0.00,8,Snow,128<br />
2003-4-6,0,-2,-5,-5,-7,-7,86,76,64,1019,1017,1016,24,15,4,23,14,,0.00,5,Snow,146<br />
2003-4-7,7,1,-5,-1,-4,-8,80,69,53,1019,1015,1011,24,23,19,24,21,27,0.00,5,,153<br />
2003-4-8,10,4,-2,2,-1,-5,81,68,54,1011,1009,1004,24,24,24,26,13,,0.00,6,,152<br />
2003-4-9,8,4,0,-1,-3,-6,70,59,45,1016,1006,998,24,24,24,48,23,58,0.00,5,Rain,257<br />
2003-4-10,12,4,-2,1,-3,-6,75,58,46,1017,1015,1011,24,24,24,23,10,,0.00,6,,131<br />
2003-4-11,14,8,2,5,1,-2,81,69,48,1012,1011,1010,24,24,24,16,11,,0.00,7,,140<br />
2003-4-12,11,6,0,5,2,-2,87,73,62,1015,1014,1013,24,21,16,19,8,,0.00,6,Rain,323<br />
2003-4-13,7,4,2,3,0,-1,87,79,66,1015,1013,1012,24,22,8,19,11,,0.00,8,,60<br />
2003-4-14,4,2,0,0,-1,-2,93,81,70,1016,1013,1011,24,14,2,29,16,35,0.00,8,Rain-Snow,124<br />
2003-4-15,4,2,0,0,-1,-1,93,86,75,1015,1013,1011,24,10,0,16,10,,0.00,8,Fog-Rain-Snow,150<br />
2003-4-16,12,6,0,3,1,-2,93,71,41,1014,1011,1008,24,11,1,19,11,,0.00,7,Fog,152<br />
2003-4-17,13,6,-2,2,-2,-4,93,62,31,1007,1006,1005,24,12,0,16,8,,0.00,4,Fog,328<br />
2003-4-18,5,2,-1,2,-1,-4,87,77,65,1019,1013,1007,24,19,1,23,11,,0.00,6,Rain,334<br />
2003-4-19,15,6,-3,2,-2,-5,93,64,29,1022,1020,1019,24,18,4,14,8,,0.00,5,,168<br />
2003-4-20,19,9,0,3,0,-3,87,57,26,1019,1017,1015,24,24,24,24,8,35,0.00,5,,137<br />
2003-4-21,22,10,-1,3,0,-4,81,51,22,1015,1012,1007,24,24,24,26,10,35,0.00,4,,151<br />
2003-4-22,19,10,1,5,2,-2,81,56,37,1007,1006,1004,24,24,24,23,11,,0.00,4,,15<br />
2003-4-23,23,12,1,8,3,-2,87,58,29,1007,1004,1003,24,24,24,26,10,34,0.00,5,Rain-Thunderstorm,67<br />
2003-4-24,20,12,4,8,6,2,87,66,46,1011,1009,1007,24,24,24,26,11,37,0.00,6,Rain,34<br />
2003-4-25,12,9,6,9,7,2,94,82,71,1010,1009,1008,24,17,4,37,21,48,0.00,8,Rain,39<br />
2003-4-26,6,3,1,2,-1,-3,87,73,61,1011,1008,1006,24,22,13,42,32,52,0.00,8,Rain-Snow,359<br />
2003-4-27,1,0,0,-1,-2,-2,93,90,87,1025,1019,1012,16,3,1,27,19,35,0.00,8,Rain-Snow,347<br />
2003-4-28,6,2,-1,-1,-2,-5,93,79,46,1027,1026,1024,24,9,0,10,5,,0.00,6,Fog-Snow,283<br />
2003-4-29,10,3,-4,-1,-3,-6,86,62,43,1024,1020,1017,24,24,24,16,10,,0.00,2,,194<br />
2003-4-30,15,6,-3,1,-2,-5,86,59,29,1017,1016,1014,24,22,10,11,6,,0.00,6,,204<br />
2003-5-1,20,9,-1,2,-2,-4,87,50,21,1015,1012,1008,24,23,16,19,11,,0.00,3,,188<br />
2003-5-2,7,3,-1,0,-2,-4,86,64,49,1010,1008,1006,24,22,3,32,19,40,0.00,6,Snow,334<br />
2003-5-3,2,-1,-3,-3,-6,-7,86,69,56,1014,1012,1010,24,17,1,26,19,29,0.00,7,Snow,335<br />
2003-5-4,1,-1,-3,-3,-4,-6,86,76,70,1019,1018,1016,24,18,2,16,11,,0.00,8,Snow,43<br />
2003-5-5,0,-1,-1,-2,-3,-3,93,87,80,1019,1017,1015,13,3,1,21,11,,0.00,7,Snow,356<br />
2003-5-6,0,-1,-1,-1,-2,-3,93,90,86,1015,1014,1012,16,4,1,27,18,32,0.00,8,Rain-Snow,329<br />
2003-5-7,2,1,0,0,-1,-1,93,88,81,1014,1011,1009,24,5,1,26,19,34,0.00,8,Fog-Rain,347<br />
2003-5-8,3,2,2,0,0,0,87,86,81,1024,1019,1014,24,22,8,26,16,29,0.00,8,Rain,325<br />
2003-5-9,10,6,2,2,-1,-4,87,67,37,1027,1026,1024,24,23,16,19,10,,0.00,5,Rain,336<br />
2003-5-10,15,6,-3,1,-2,-6,80,58,36,1027,1024,1020,24,24,24,19,6,27,0.00,1,,182<br />
2003-5-11,19,10,2,3,-1,-4,81,48,21,1019,1015,1011,24,24,16,26,18,34,0.00,1,,179<br />
2003-5-12,21,11,2,2,-1,-4,81,47,18,1011,1009,1006,24,24,24,24,11,52,0.00,3,Rain,217<br />
2003-5-13,21,12,3,3,1,-1,75,45,24,1011,1009,1007,24,24,24,21,11,29,0.00,5,,218<br />
2003-5-14,24,13,3,3,0,-2,75,42,18,1007,1002,997,24,24,24,39,13,48,0.00,6,Rain,201<br />
2003-5-15,13,8,3,2,-2,-8,81,49,24,1009,1007,1001,24,23,13,27,19,37,0.00,7,Rain,303<br />
2003-5-16,13,8,3,2,-3,-7,93,55,26,1013,1010,1008,24,23,13,34,13,40,0.00,7,Rain,300<br />
2003-5-17,7,3,-1,-2,-4,-6,81,61,39,1021,1016,1013,24,20,4,47,23,58,0.00,6,Rain,297<br />
2003-5-18,12,6,-1,-4,-8,-11,75,42,21,1030,1025,1021,24,24,24,45,21,60,0.00,5,,323<br />
2003-5-19,16,6,-4,-5,-8,-11,69,39,16,1032,1029,1023,24,24,24,24,11,39,0.00,4,,218<br />
2003-5-20,18,8,-1,-3,-6,-8,65,37,16,1024,1021,1018,24,24,24,29,8,,0.00,5,,244<br />
2003-5-21,16,10,5,2,-1,-3,70,45,31,1021,1019,1016,24,24,24,23,10,35,0.00,5,Rain,282<br />
2003-5-22,21,13,6,2,1,-1,66,41,26,1016,1012,1010,24,24,24,21,13,32,0.00,7,,209<br />
2003-5-23,23,16,9,5,3,1,66,43,27,1018,1016,1013,24,24,24,21,6,,0.00,6,,220<br />
2003-5-24,29,19,9,8,6,4,71,41,23,1014,1009,1002,24,24,24,27,18,34,0.00,4,,155<br />
2003-5-25,26,21,15,10,8,8,72,43,32,1004,1002,1000,24,24,24,35,21,55,0.00,6,Rain-Thunderstorm,336<br />
2003-5-26,19,16,12,10,8,5,88,70,40,1015,1011,1006,24,22,8,26,16,39,0.00,6,Rain,310<br />
2003-5-27,22,14,8,8,5,3,87,53,29,1022,1020,1016,24,24,24,23,13,32,0.00,5,,272<br />
2003-5-28,24,14,6,10,6,3,81,56,29,1023,1017,1005,24,24,24,26,11,34,0.00,6,Rain-Thunderstorm,154<br />
2003-5-29,21,16,10,9,3,-1,82,47,25,1017,1012,1005,24,24,24,39,19,52,0.00,3,Rain,323<br />
2003-5-30,24,14,4,6,4,1,81,53,27,1020,1017,1013,24,24,24,21,6,29,0.00,2,,203<br />
2003-5-31,24,17,11,7,6,4,62,43,31,1013,1011,1010,24,24,24,29,19,47,0.00,5,,146<br />
2003-6-1,20,17,13,11,9,6,82,65,49,1012,1011,1010,24,24,19,21,11,,0.00,7,Rain,267<br />
2003-6-2,13,10,4,9,6,1,87,68,51,1015,1013,1011,24,24,19,37,18,47,0.00,6,Rain,320<br />
2003-6-3,13,8,4,6,3,-1,81,68,53,1017,1014,1012,24,21,10,47,24,66,0.00,7,Rain,298<br />
2003-6-4,21,14,9,9,6,4,77,57,35,1022,1021,1018,24,24,24,32,18,39,0.00,5,,330<br />
2003-6-5,17,13,9,7,3,-1,76,54,34,1026,1024,1022,24,24,24,40,19,52,0.00,5,Rain,334<br />
2003-6-6,12,9,6,5,4,3,87,71,58,1027,1026,1024,24,23,8,29,18,37,0.00,7,Rain,342<br />
2003-6-7,23,13,4,7,4,2,87,59,31,1024,1017,1009,24,24,24,24,11,,0.00,5,,157<br />
2003-6-8,17,13,11,12,9,6,88,71,52,1013,1010,1007,24,24,16,26,13,32,0.00,7,Rain-Thunderstorm,320<br />
2003-6-9,15,10,6,7,6,4,93,69,55,1016,1015,1013,24,24,24,23,11,34,0.00,6,,86<br />
2003-6-10,15,10,6,9,8,3,93,80,67,1014,1011,1011,24,24,24,19,11,27,0.00,8,Rain,145<br />
2003-6-11,18,12,7,10,8,6,93,78,49,1010,1008,1005,24,22,8,23,5,,0.00,6,Rain-Thunderstorm,223<br />
2003-6-12,23,14,7,9,7,5,87,61,35,1008,1007,1006,24,24,24,14,6,,0.00,3,,254<br />
2003-6-13,25,18,12,13,10,7,77,60,41,1006,1004,1002,24,24,24,29,13,,0.00,6,Thunderstorm,91<br />
2003-6-14,21,16,10,12,10,8,94,73,49,1015,1009,1004,24,24,19,32,13,40,0.00,4,Rain-Thunderstorm,324<br />
2003-6-15,20,14,9,11,8,6,94,67,40,1020,1018,1016,24,24,24,21,8,,0.00,4,Thunderstorm,171<br />
2003-6-16,24,16,7,11,7,4,94,59,31,1022,1021,1019,24,24,24,19,6,,0.00,4,Rain,314<br />
2003-6-17,25,15,5,10,7,4,93,56,36,1026,1022,1015,24,24,24,27,10,35,0.00,3,,146<br />
2003-6-18,29,22,15,15,11,6,64,48,40,1015,1007,1000,24,24,24,37,24,39,0.00,6,Rain,163<br />
2003-6-19,19,14,11,13,8,4,82,63,37,1008,1005,1001,24,24,19,23,13,35,0.00,6,Rain-Thunderstorm,337<br />
2003-6-20,14,10,6,10,7,4,94,81,55,1006,1003,1001,24,23,6,23,10,35,0.00,7,Rain,8<br />
2003-6-21,12,10,7,9,7,5,93,85,71,1004,1000,999,24,21,8,37,24,47,0.00,8,Rain,308<br />
2003-6-22,10,8,6,7,6,4,93,87,81,1005,1003,1003,24,18,4,35,21,48,0.00,8,Rain,302<br />
2003-6-23,13,9,6,6,5,4,93,76,58,1018,1012,1005,24,24,19,27,23,47,0.00,7,Rain,320<br />
2003-6-24,19,10,2,9,6,1,93,69,45,1021,1020,1019,24,24,24,13,8,,0.00,3,,183<br />
2003-6-25,22,14,7,10,8,4,87,64,41,1020,1017,1015,24,24,24,26,13,32,0.00,4,Rain,247<br />
2003-6-26,22,16,9,12,9,6,88,64,49,1017,1015,1012,24,24,24,27,14,45,0.00,7,Rain-Thunderstorm,286<br />
2003-6-27,20,14,9,9,7,4,87,59,37,1016,1014,1013,24,24,24,34,16,47,0.00,3,,305<br />
2003-6-28,23,14,7,10,7,3,82,59,38,1018,1017,1016,24,24,24,19,8,29,0.00,4,,247<br />
2003-6-29,28,18,9,14,11,7,87,59,37,1016,1012,1007,24,24,24,24,14,35,0.00,2,,159<br />
2003-6-30,29,21,12,16,11,7,82,57,43,1008,1004,999,24,24,24,53,23,76,0.00,4,,113<br />
2003-7-1,23,16,8,11,9,7,100,73,38,1011,1009,1006,24,17,0,27,8,37,0.00,5,Fog-Rain-Thunderstorm,45<br />
2003-7-2,19,13,8,10,8,5,94,69,40,1009,1008,1007,24,24,19,23,11,37,0.00,6,Fog,303<br />
2003-7-3,20,14,8,13,9,6,88,74,49,1010,1008,1007,24,23,16,42,14,61,0.00,6,Rain-Thunderstorm,268<br />
2003-7-4,20,16,11,13,10,8,88,69,52,1010,1010,1009,24,24,24,21,8,32,0.00,7,Rain,260<br />
2003-7-5,17,13,10,12,9,7,94,79,59,1015,1013,1010,24,20,3,23,11,47,0.00,7,Rain,319<br />
2003-7-6,15,12,9,11,9,7,94,83,72,1017,1016,1015,24,21,3,23,14,32,0.00,7,Rain,321<br />
2003-7-7,19,12,6,12,9,6,100,78,60,1018,1015,1011,24,24,19,27,13,32,0.00,5,,135<br />
2003-7-8,21,16,10,15,11,8,88,76,64,1013,1011,1009,24,24,13,32,18,47,0.00,7,Rain-Thunderstorm,152<br />
2003-7-9,21,14,8,12,9,7,94,72,49,1020,1016,1013,24,24,24,23,10,34,0.00,4,,268<br />
2003-7-10,23,16,9,13,11,7,87,68,50,1023,1022,1020,24,24,24,21,11,27,0.00,2,,276<br />
2003-7-11,27,18,10,17,12,8,87,69,45,1022,1018,1014,24,24,24,26,11,,0.00,4,Rain-Thunderstorm,184<br />
2003-7-12,28,20,12,17,13,9,83,65,45,1015,1009,1005,24,24,19,27,11,35,0.00,5,Rain-Thunderstorm,292<br />
2003-7-13,23,18,13,15,13,11,94,78,50,1012,1010,1008,24,24,24,19,10,29,0.00,6,Rain-Thunderstorm,267<br />
2003-7-14,23,17,11,13,11,9,94,69,43,1015,1014,1012,24,24,24,19,10,,0.00,3,Rain,253<br />
2003-7-15,24,17,9,13,9,6,88,62,38,1015,1014,1013,24,24,24,14,8,,0.00,2,,257<br />
2003-7-16,27,19,11,15,12,9,88,66,45,1016,1013,1009,24,23,10,34,18,45,0.00,4,Rain-Thunderstorm,131<br />
2003-7-17,22,17,12,13,10,7,88,62,40,1019,1015,1009,24,24,24,32,14,45,0.00,4,Rain,291<br />
2003-7-18,25,16,6,16,9,4,88,63,36,1023,1021,1019,24,24,24,16,6,,0.00,2,,235<br />
2003-7-19,25,18,12,15,13,10,94,71,47,1022,1021,1020,24,24,24,16,5,,0.00,6,,15<br />
2003-7-20,25,20,14,16,14,12,94,73,53,1021,1018,1015,24,24,24,26,11,40,0.00,6,Rain-Thunderstorm,106<br />
2003-7-21,26,17,8,16,13,7,100,75,50,1022,1020,1017,24,17,1,14,6,,0.00,1,Fog,156<br />
2003-7-22,29,21,14,19,15,11,88,68,48,1016,1013,1012,24,24,24,23,13,,0.00,1,,86<br />
2003-7-23,27,19,11,15,13,10,94,67,44,1014,1012,1009,24,24,24,19,8,27,0.00,4,Rain-Thunderstorm,52<br />
2003-7-24,17,14,12,15,12,10,94,83,68,1015,1014,1010,24,24,24,23,11,34,0.00,7,Rain-Thunderstorm,347<br />
2003-7-25,19,14,10,13,10,9,94,80,56,1019,1017,1015,24,24,16,26,10,35,0.00,6,Rain-Thunderstorm,269<br />
2003-7-26,25,15,5,17,12,4,93,74,50,1021,1019,1017,24,24,24,14,8,,0.00,2,,179<br />
2003-7-27,30,19,8,17,13,7,94,68,35,1019,1017,1015,24,24,24,16,8,,0.00,3,,200<br />
2003-7-28,25,17,9,13,11,8,93,66,41,1022,1020,1017,24,24,24,19,8,27,0.00,1,,303<br />
2003-7-29,25,16,6,12,9,5,93,66,36,1025,1023,1020,24,24,24,11,5,,0.00,0,,229<br />
2003-7-30,28,18,9,16,12,7,88,65,39,1021,1018,1016,24,24,24,19,10,,0.00,1,,147<br />
2003-7-31,30,21,12,15,13,9,88,62,35,1017,1016,1015,24,24,24,14,8,,0.00,3,,141<br />
2003-8-1,32,22,13,13,12,10,82,54,31,1015,1010,1006,24,23,19,32,16,45,0.00,3,,145<br />
2003-8-2,24,18,12,13,11,9,82,59,44,1013,1011,1006,24,24,24,21,13,27,0.00,3,,351<br />
2003-8-3,26,16,5,12,9,4,94,65,32,1015,1013,1010,24,23,16,19,6,,0.00,3,,124<br />
2003-8-4,22,16,10,12,11,8,87,67,46,1019,1014,1009,24,24,24,32,11,45,0.00,4,Rain,360<br />
2003-8-5,26,19,12,15,11,10,88,61,44,1020,1016,1011,24,24,24,32,14,40,0.00,5,Rain,128<br />
2003-8-6,25,19,14,16,12,7,83,61,50,1013,1012,1011,24,24,24,23,14,37,0.00,6,Rain-Thunderstorm,29<br />
2003-8-7,25,18,12,17,13,10,94,74,47,1017,1015,1013,24,24,24,14,8,,0.00,5,Rain-Thunderstorm,275<br />
2003-8-8,23,17,12,14,13,11,94,75,47,1021,1019,1017,24,16,1,21,10,29,0.00,6,Fog-Thunderstorm,349<br />
2003-8-9,28,19,11,16,13,9,94,67,45,1020,1018,1015,24,24,16,27,11,37,0.00,5,Rain,119<br />
2003-8-10,22,16,11,15,12,9,88,76,60,1020,1017,1014,24,23,16,29,18,39,0.00,7,Rain-Thunderstorm,331<br />
2003-8-11,20,17,13,15,12,11,88,77,60,1019,1017,1015,24,19,8,32,14,40,0.00,7,Rain,360<br />
2003-8-12,24,17,9,14,12,7,94,78,53,1018,1016,1012,24,16,0,29,8,52,0.00,5,Fog-Rain-Thunderstorm,101<br />
2003-8-13,28,17,5,14,8,3,94,63,21,1014,1013,1011,24,14,0,34,8,34,0.00,2,Fog-Rain-Thunderstorm,227<br />
2003-8-14,28,18,8,11,8,5,87,58,26,1021,1019,1015,24,24,24,11,6,,0.00,1,,222<br />
2003-8-15,31,19,7,12,7,4,87,52,18,1022,1019,1014,24,19,13,23,10,32,0.00,1,,171<br />
2003-8-16,24,18,12,14,10,7,82,59,41,1013,1010,1008,24,18,13,32,10,47,0.00,7,Rain-Thunderstorm,202<br />
2003-8-17,26,16,7,13,9,5,93,61,36,1016,1014,1012,24,24,24,16,6,,0.00,4,,147<br />
2003-8-18,31,20,9,15,10,7,87,56,25,1014,1010,1006,24,20,5,48,11,72,0.00,2,,184<br />
2003-8-19,21,13,5,9,7,3,87,62,37,1016,1015,1013,24,24,24,13,6,,0.00,6,Rain,311<br />
2003-8-20,21,16,8,11,8,5,94,69,37,1018,1017,1016,24,24,19,21,13,32,0.00,5,Rain,289<br />
2003-8-21,24,16,8,13,9,6,87,65,41,1018,1014,1012,24,20,13,19,8,,0.00,4,,66<br />
2003-8-22,22,14,8,13,10,6,88,71,53,1011,1007,1003,24,19,13,14,8,,0.00,5,,358<br />
2003-8-23,19,14,9,12,7,2,88,65,34,1017,1009,1003,24,24,19,27,14,37,0.00,5,Rain,302<br />
2003-8-24,21,11,2,6,2,-2,87,55,23,1019,1017,1015,24,24,24,24,6,27,0.00,4,,229<br />
2003-8-25,20,12,5,5,2,0,76,54,30,1021,1019,1017,24,24,24,23,6,29,0.00,6,,268<br />
2003-8-26,24,14,5,6,4,1,81,51,27,1020,1016,1011,24,24,24,29,13,39,0.00,5,,127<br />
2003-8-27,17,12,7,12,9,5,100,82,48,1018,1014,1010,24,15,5,19,11,,0.00,7,Rain,8<br />
2003-8-28,18,14,10,13,11,10,100,88,59,1026,1022,1018,24,21,6,19,11,,0.00,7,Rain-Thunderstorm,303<br />
2003-8-29,22,13,5,11,8,5,100,73,38,1027,1026,1025,24,14,1,11,5,,0.00,2,Fog,184<br />
2003-8-30,25,14,4,10,7,3,100,65,28,1026,1023,1018,24,24,16,14,5,,0.00,1,Fog,129<br />
2003-8-31,23,16,8,13,8,5,87,65,44,1018,1015,1013,24,24,24,21,11,27,0.00,5,Rain-Thunderstorm,343<br />
2003-9-1,19,13,5,10,6,2,94,67,32,1024,1019,1014,24,24,24,32,11,40,0.00,3,Rain-Thunderstorm,295<br />
2003-9-2,23,12,2,7,3,0,87,58,30,1027,1024,1021,24,24,24,14,6,,0.00,3,,190<br />
2003-9-3,28,17,7,11,7,4,82,53,30,1021,1016,1012,24,24,24,14,10,,0.00,0,,156<br />
2003-9-4,24,16,7,12,9,5,87,69,41,1014,1013,1009,24,24,16,21,8,,0.00,3,,278<br />
2003-9-5,23,16,9,13,10,8,94,72,47,1014,1013,1012,24,22,16,16,8,,0.00,4,,168<br />
2003-9-6,28,17,7,13,10,6,100,71,32,1015,1012,1009,24,14,1,23,5,,0.00,2,Fog,114<br />
2003-9-7,32,20,9,13,9,5,87,58,18,1008,1004,1001,24,18,13,34,10,45,0.00,5,Rain-Thunderstorm,143<br />
2003-9-8,17,13,11,12,8,6,88,71,55,1007,1006,1005,24,23,16,35,21,47,0.00,8,,319<br />
2003-9-9,13,11,10,8,7,5,82,70,58,1006,1005,1003,24,24,24,26,13,39,0.00,8,Rain,299<br />
2003-9-10,21,14,8,5,3,1,76,52,28,1010,1008,1005,24,24,24,23,16,34,0.00,5,,266<br />
2003-9-11,18,13,8,8,4,1,82,57,36,1009,1007,1005,24,24,24,29,14,40,0.00,5,Rain-Thunderstorm,254<br />
2003-9-12,14,11,7,8,5,1,93,76,54,1022,1013,1007,24,23,5,32,19,48,0.00,7,Rain-Thunderstorm,306<br />
2003-9-13,18,11,4,7,5,3,100,71,40,1024,1022,1016,24,24,24,13,10,,0.00,4,,252<br />
2003-9-14,15,10,4,8,6,3,93,78,62,1015,1013,1011,24,23,5,37,11,55,0.00,6,Rain,264<br />
2003-9-15,7,6,3,4,1,-2,93,77,61,1023,1021,1016,24,24,24,27,14,32,0.00,7,Rain,338<br />
2003-9-16,2,1,0,-1,-3,-4,87,75,65,1023,1022,1021,24,24,10,19,14,,0.00,8,Snow,35<br />
2003-9-17,2,1,0,-3,-4,-5,80,71,65,1026,1025,1024,24,24,24,11,8,,0.00,8,Snow,337<br />
2003-9-18,14,6,-2,3,-1,-3,93,69,44,1025,1016,1010,24,23,16,29,14,35,0.00,6,,142<br />
2003-9-19,18,10,2,6,3,0,93,68,37,1013,1009,1007,24,24,24,14,8,,0.00,6,Rain,207<br />
2003-9-20,15,9,3,7,3,1,93,70,41,1022,1018,1013,24,24,24,24,10,27,0.00,4,Rain,290<br />
2003-9-21,15,9,4,3,1,-1,93,61,34,1024,1021,1018,24,24,24,14,8,,0.00,5,Rain,261<br />
2003-9-22,16,11,6,10,4,0,94,71,52,1016,1010,1007,24,23,6,21,11,32,0.00,6,Rain,253<br />
2003-9-23,9,4,1,5,-1,-4,93,66,43,1023,1016,1011,24,24,24,50,21,71,0.00,3,,299<br />
2003-9-24,12,3,-6,2,-3,-7,93,63,35,1026,1020,1007,24,24,24,27,13,32,0.00,5,,188<br />
2003-9-25,16,11,7,4,3,1,76,54,39,1013,1008,1006,24,24,24,23,13,35,0.00,6,,285<br />
2003-9-26,18,10,3,4,2,0,87,55,37,1022,1018,1014,24,24,24,32,16,40,0.00,5,,294<br />
2003-9-27,17,9,1,4,1,-2,87,62,36,1029,1026,1023,24,24,24,19,8,,0.00,3,,288<br />
2003-9-28,12,3,-5,2,-1,-6,93,76,44,1032,1030,1029,24,24,24,10,3,,0.00,4,,318<br />
2003-9-29,11,1,-8,3,-3,-8,100,73,41,1034,1031,1029,24,16,0,11,3,,0.00,1,Fog,139<br />
2003-9-30,18,7,-3,3,-1,-6,93,64,32,1029,1026,1024,24,24,24,11,6,,0.00,0,,171<br />
2003-10-1,20,8,-3,4,1,-5,87,62,28,1024,1022,1019,24,24,19,14,8,,0.00,4,,235<br />
2003-10-2,20,10,1,6,3,-1,93,67,40,1022,1021,1019,24,24,24,11,5,,0.00,3,,270<br />
2003-10-3,24,11,-2,7,2,-3,93,68,27,1020,1017,1013,24,23,13,11,5,,0.00,0,,181<br />
2003-10-4,25,12,-1,5,2,-2,93,59,24,1013,1012,1011,24,24,24,13,8,,0.00,0,,229<br />
2003-10-5,25,14,4,4,2,0,76,55,22,1015,1014,1012,24,24,24,10,5,,0.00,0,,235<br />
2003-10-6,26,13,2,6,3,-1,81,57,23,1013,1008,1004,24,24,24,14,6,,0.00,1,,144<br />
2003-10-7,23,13,4,9,4,1,93,66,31,1005,1000,996,24,23,13,42,14,53,0.00,3,Rain,235<br />
2003-10-8,18,8,-2,6,3,-3,100,70,40,1007,1003,996,24,24,24,26,11,39,0.00,3,,172<br />
2003-10-9,15,7,-1,0,-3,-6,80,49,27,1003,998,995,24,24,24,32,14,47,0.00,4,,258<br />
2003-10-10,13,8,3,-1,-3,-5,61,48,31,1014,1008,1003,24,24,24,27,13,39,0.00,6,,277<br />
2003-10-11,13,4,-3,-2,-4,-7,80,56,30,1016,1013,1008,24,24,24,21,10,,0.00,3,,198<br />
2003-10-12,13,4,-3,-1,-4,-8,86,60,33,1015,1010,1006,24,24,24,19,6,,0.00,4,,302<br />
2003-10-13,12,3,-6,2,-2,-8,93,72,47,1022,1019,1014,24,24,16,48,10,66,0.00,6,Rain,263<br />
2003-10-14,10,4,-1,2,0,-2,100,81,47,1022,1022,1021,24,24,24,29,8,39,0.00,6,Rain,267<br />
2003-10-15,3,-2,-6,-1,-3,-8,100,84,60,1022,1021,1018,24,19,1,14,5,,0.00,5,Fog-Snow,272<br />
2003-10-16,9,1,-6,1,-2,-8,86,75,54,1019,1009,1001,24,24,24,32,16,39,0.00,7,,146<br />
2003-10-17,14,7,0,6,2,-2,93,74,51,1012,1007,1000,24,24,24,24,8,,0.00,7,Rain,255<br />
2003-10-18,18,10,0,5,3,-2,87,71,42,1012,1008,1007,24,24,24,23,10,,0.00,4,Rain,114<br />
2003-10-19,14,6,-3,5,1,-6,93,78,55,1017,1009,1006,24,24,24,23,10,,0.00,5,Rain,291<br />
2003-10-20,8,2,-3,6,3,-4,93,89,76,1020,1015,1009,24,24,19,24,11,29,0.00,6,Rain,155<br />
2003-10-21,19,9,-1,7,2,-3,100,74,32,1023,1016,1009,24,16,0,21,6,,0.00,4,Fog,300<br />
2003-10-22,13,7,0,1,-2,-4,81,52,33,1025,1018,1007,24,24,24,37,14,48,0.00,6,,143<br />
2003-10-23,11,8,5,4,-1,-4,87,57,35,1016,1008,1001,24,22,6,45,24,76,0.00,7,Rain,303<br />
2003-10-24,7,1,-5,-1,-3,-6,93,64,49,1032,1024,1017,24,24,24,45,27,72,0.00,5,,310<br />
2003-10-25,11,3,-4,8,1,-5,93,85,66,1032,1026,1021,24,23,8,14,11,,0.00,7,Rain,219<br />
2003-10-26,17,11,6,8,6,2,87,66,37,1023,1017,1009,24,24,24,37,13,58,0.00,8,Rain,246<br />
2003-10-27,15,8,0,3,-1,-4,81,54,39,1016,1013,1008,24,24,24,42,27,63,0.00,5,Rain,307<br />
2003-10-28,2,-1,-3,0,-2,-4,100,90,81,1015,1007,1001,24,8,1,40,16,50,0.00,8,Snow,94<br />
2003-10-29,-3,-6,-7,-5,-7,-12,86,80,68,1034,1024,1009,24,13,1,37,24,39,0.00,8,Snow,5<br />
2003-10-30,-7,-9,-13,-9,-13,-16,86,75,63,1038,1037,1035,24,19,2,27,19,45,0.00,8,Snow,333<br />
2003-10-31,-5,-12,-20,-7,-16,-24,93,78,62,1037,1027,1018,24,23,19,21,10,,0.00,5,Snow,236<br />
2003-11-1,-2,-3,-5,-4,-5,-7,93,89,80,1021,1017,1016,24,10,2,21,13,,0.00,8,Snow,298<br />
2003-11-2,-6,-12,-17,-7,-13,-20,93,87,78,1030,1027,1021,24,11,1,23,8,,0.00,7,Fog-Snow,63<br />
2003-11-3,-10,-16,-21,-13,-16,-25,92,82,71,1032,1030,1028,24,15,2,11,6,,0.00,7,Fog-Snow,234<br />
2003-11-4,-10,-17,-23,-13,-17,-27,92,81,62,1032,1029,1026,24,16,3,11,6,,0.00,6,Snow,245<br />
2003-11-5,-8,-16,-23,-11,-17,-26,93,78,68,1025,1024,1022,24,23,8,26,11,32,0.00,6,Snow,272<br />
2003-11-6,-3,-7,-10,-9,-11,-13,93,77,59,1027,1025,1023,24,24,24,13,10,,0.00,8,Snow,255<br />
2003-11-7,-3,-10,-16,-8,-13,-18,92,78,64,1027,1025,1021,24,24,24,14,8,,0.00,2,,174<br />
2003-11-8,-2,-10,-17,-8,-13,-20,92,79,64,1024,1022,1021,24,24,24,13,10,,0.00,0,,226<br />
2003-11-9,-1,-9,-16,-8,-13,-18,85,76,60,1021,1013,1004,24,24,24,16,11,,0.00,1,,178<br />
2003-11-10,3,-6,-13,-5,-10,-16,86,69,48,1007,1004,1001,24,24,24,19,10,,0.00,5,,225<br />
2003-11-11,-1,-8,-14,-7,-11,-16,93,77,64,1022,1012,1005,24,24,24,16,11,,0.00,6,,254<br />
2003-11-12,2,-4,-10,-4,-8,-12,93,76,60,1024,1020,1014,24,24,24,21,10,,0.00,5,,191<br />
2003-11-13,6,0,-8,-2,-6,-10,86,72,53,1014,1010,1007,24,24,24,16,11,,0.00,3,,171<br />
2003-11-14,3,-3,-9,-6,-8,-12,93,73,52,1016,1010,1005,24,24,24,14,6,,0.00,4,,217<br />
2003-11-15,1,-4,-10,-5,-8,-12,86,76,60,1016,1012,1005,24,24,24,21,10,32,0.00,4,,150<br />
2003-11-16,2,-6,-13,-5,-11,-15,92,79,60,1004,997,991,24,23,19,11,6,,0.00,4,,151<br />
2003-11-17,0,-7,-13,-5,-10,-14,93,84,64,1006,999,991,24,16,3,13,6,,0.00,5,,243<br />
2003-11-18,1,-3,-7,-4,-7,-13,93,78,54,1010,1003,997,24,24,24,23,10,,0.00,7,,253<br />
2003-11-19,-4,-9,-13,-6,-9,-16,93,84,74,1012,1006,1000,24,7,0,29,14,35,0.00,8,Snow,34<br />
2003-11-20,-14,-19,-23,-17,-22,-27,79,73,65,1030,1023,1014,24,22,8,19,13,,0.00,4,Snow,294<br />
2003-11-21,-17,-24,-31,-20,-28,-35,85,72,63,1033,1031,1028,24,23,10,11,6,,0.00,2,Fog-Snow,222<br />
2003-11-22,-20,-24,-29,-24,-29,-34,71,67,58,1028,1024,1021,24,24,24,19,10,,0.00,1,,161<br />
2003-11-23,-3,-11,-18,-8,-12,-23,85,76,66,1020,1013,1004,24,23,5,19,13,,0.00,7,Snow,161<br />
2003-11-24,-4,-10,-16,-6,-13,-19,93,82,63,1003,1002,999,24,15,1,16,10,,0.00,6,Fog-Snow,277<br />
2003-11-25,-5,-9,-13,-10,-13,-16,85,70,54,999,993,991,24,24,24,16,13,,0.00,6,,190<br />
2003-11-26,-4,-8,-12,-8,-11,-14,92,80,68,1021,1008,995,24,19,2,13,10,,0.00,6,Snow,315<br />
2003-11-27,-6,-12,-18,-11,-15,-21,92,75,58,1028,1024,1015,24,24,19,23,11,29,0.00,5,Snow,168<br />
2003-11-28,2,-3,-7,-3,-6,-11,86,71,63,1014,1001,994,24,23,8,29,14,50,0.00,7,Snow,203<br />
2003-11-29,0,-7,-13,-4,-9,-15,93,77,55,1010,1004,1000,24,23,10,32,13,34,0.00,5,,245<br />
2003-11-30,-1,-8,-14,-12,-15,-19,73,56,44,1028,1021,1012,24,24,24,27,18,29,0.00,1,,258<br />
2003-12-1,-8,-14,-21,-14,-18,-26,78,64,53,1025,1021,1019,24,24,24,21,11,,0.00,2,,166<br />
2003-12-2,-2,-12,-22,-8,-18,-27,71,63,50,1021,1017,1007,24,24,24,21,8,,0.00,4,,176<br />
2003-12-3,6,-1,-12,-2,-8,-16,73,55,41,1031,1014,1001,24,24,24,42,23,60,0.00,5,Snow,292<br />
2003-12-4,-6,-13,-21,-12,-17,-26,73,67,60,1040,1035,1025,24,24,24,45,14,58,0.00,3,,168<br />
2003-12-5,-4,-8,-13,-9,-11,-15,86,70,59,1023,1009,1003,24,24,24,47,29,61,0.00,6,,153<br />
2003-12-6,0,-8,-15,-2,-9,-17,87,79,69,1003,998,991,24,20,1,40,14,53,0.00,5,Snow,225<br />
2003-12-7,-6,-12,-19,-9,-16,-24,85,72,62,1021,1012,1003,24,24,24,24,11,27,0.00,4,,299<br />
2003-12-8,-13,-19,-24,-15,-20,-28,85,75,70,1028,1025,1021,24,15,2,8,3,,0.00,6,Fog-Snow,170<br />
2003-12-9,-7,-16,-24,-10,-18,-28,92,79,65,1028,1027,1025,24,21,6,11,6,,0.00,5,Snow,207<br />
2003-12-10,-15,-20,-25,-18,-24,-29,85,73,65,1025,1022,1018,24,23,19,11,6,,0.00,1,,171<br />
2003-12-11,-17,-23,-29,-20,-27,-33,84,72,64,1018,1015,1010,24,23,19,19,6,,0.00,1,,156<br />
2003-12-12,-6,-14,-23,-12,-18,-27,85,68,46,1010,1003,1000,24,24,24,16,6,,0.00,5,,190<br />
2003-12-13,-1,-7,-12,-6,-12,-16,80,68,51,1006,1002,997,24,24,16,21,11,,0.00,5,Snow,213<br />
2003-12-14,-6,-12,-19,-12,-17,-23,85,74,63,1009,1001,996,24,24,24,13,6,,0.00,4,,236<br />
2003-12-15,-4,-9,-14,-10,-13,-16,86,71,54,1017,1014,1010,24,21,2,24,8,,0.00,5,Snow,182<br />
2003-12-16,1,-4,-8,-7,-10,-13,80,66,48,1011,1009,1006,24,24,24,16,11,,0.00,7,,183<br />
2003-12-17,1,-3,-6,-6,-9,-12,74,60,48,1027,1020,1010,24,24,24,27,14,,0.00,3,,260<br />
2003-12-18,-1,-6,-9,-8,-11,-14,74,62,51,1029,1026,1020,24,24,24,21,14,,0.00,4,,194<br />
2003-12-19,3,-3,-8,-3,-7,-11,80,69,56,1019,1012,1003,24,24,24,19,10,,0.00,6,,179<br />
2003-12-20,6,1,-4,-2,-4,-7,80,65,49,1007,1002,1000,24,24,24,23,13,,0.00,6,,231<br />
2003-12-21,0,-4,-8,-4,-9,-12,80,72,64,1023,1015,1007,24,24,24,16,11,,0.00,3,,253<br />
2003-12-22,1,-7,-13,-7,-11,-16,79,68,55,1023,1020,1014,24,24,24,16,11,,0.00,2,,186<br />
2003-12-23,4,-1,-5,-5,-7,-9,80,62,52,1014,1005,999,24,24,24,26,18,34,0.00,4,,158<br />
2003-12-24,1,-4,-8,-5,-8,-10,86,73,64,998,995,993,24,24,24,21,6,,0.00,6,,171<br />
2003-12-25,0,-7,-14,-7,-11,-17,86,70,55,1007,1001,995,24,24,24,16,6,,0.00,2,,226<br />
2003-12-26,-6,-12,-19,-11,-16,-23,85,77,68,1021,1014,1008,24,24,24,11,5,,0.00,3,,216<br />
2003-12-27,-12,-17,-22,-16,-21,-26,79,74,67,1024,1023,1021,24,24,24,14,6,,
